00000c	Cisco
000095	Sony
0000b4	Edimax
0000c3	Arris
0000c5	CommScope
0000ca	CommScope
0000f0	Samsung
000130	Extreme
000142	Cisco
000143	Cisco
00014a	Sony
00014f	Adtran
000163	Cisco
000164	Cisco
000196	Cisco
000197	Cisco
0001c7	Cisco
0001c9	Cisco
0001ec	Ericsson
000216	Cisco
000217	Cisco
00023b	Ericsson
00023d	Cisco
00024a	Cisco
00024b	Cisco
000251	Cisco
000253	Arris
000258	Cisco
00025d	Calix
000268	Arris
000278	Samsung
00027d	Cisco
00027e	Cisco
0002b3	Intel
0002b9	Cisco
0002ba	Cisco
0002ee	Nokia
0002fc	Cisco
0002fd	Cisco
000331	Cisco
000332	Cisco
000347	Intel
00036b	Cisco
00036c	Cisco
000393	Apple
000399	Samsung
00039f	Cisco
0003a0	Cisco
0003e0	CommScope
0003e3	Cisco
0003e4	Cisco
0003fd	Cisco
0003fe	Cisco
0003ff	Microsoft
00040e	AVM (FRITZ!Box)
00040f	ASUS
00041f	Sony
000423	Intel
000427	Cisco
000428	Cisco
00043c	Sonos
00044d	Cisco
00044e	Cisco
000456	Cambium
00045a	Linksys
00046d	Cisco
00046e	Cisco
000496	Extreme
00049a	Cisco
00049b	Cisco
0004af	Cisco
0004bd	CommScope
0004c0	Cisco
0004c1	Cisco
0004dd	Cisco
0004de	Cisco
000500	Cisco
000501	Cisco
000502	Apple
000531	Cisco
000532	Cisco
00055d	D-Link
00055e	Cisco
00055f	Cisco
000566	Samsung
000573	Cisco
000574	Cisco
000585	Juniper
00059a	Cisco
00059b	Cisco
0005ca	Hitron
0005dc	Cisco
0005dd	Cisco
0005fc	ASUS
000625	Linksys
000628	Cisco
00062a	Cisco
000630	Adtran
000631	Calix
000652	Cisco
000653	Cisco
00067c	Cisco
0006c1	Cisco
0006d6	Cisco
0006d7	Cisco
0006ec	Arris
0006f6	Cisco
00070d	Cisco
00070e	Cisco
00074f	Cisco
000750	Cisco
00077d	Cisco
000784	Cisco
000785	Cisco
0007ab	Samsung
0007b3	Cisco
0007b4	Cisco
0007c3	Technicolor
0007d8	Hitron
0007e9	Intel
0007eb	Cisco
0007ec	Cisco
00080e	CommScope
000820	Cisco
000821	Cisco
00082f	Cisco
000830	Cisco
000831	Cisco
000832	Cisco
00087c	Cisco
00087d	Cisco
0008a3	Cisco
0008a4	Cisco
0008c2	Cisco
0008e2	Cisco
0008e3	Cisco
0008f5	Samsung
0008fb	Sonos
00090f	Fortinet
000911	Cisco
000912	Cisco
000918	Samsung
000943	Cisco
000944	Cisco
000958	Cisco
000959	Samsung
00095b	Netgear
00097b	Cisco
00097c	Cisco
0009b6	Cisco
0009b7	Cisco
0009d7	Cisco
0009e8	Cisco
0009e9	Cisco
0009f5	Huawei
000a27	Apple
000a41	Cisco
000a42	Cisco
000a8a	Cisco
000a8b	Cisco
000a95	Apple
000ab7	Cisco
000ab8	Cisco
000ad9	Sony
000adb	Arris
000aeb	TP-Link
000af3	Cisco
000af4	Cisco
000b06	CommScope
000b45	Cisco
000b46	Cisco
000b5f	Cisco
000b60	Cisco
000b85	Cisco
000bbe	Cisco
000bbf	Cisco
000bd5	Samsung
000be1	Nokia
000bfc	Cisco
000bfd	Cisco
000c30	Cisco
000c31	Cisco
000c41	Cisco
000c42	MikroTik
000c6e	ASUS
000c85	Cisco
000c86	Cisco
000c96	Cisco
000c99	Samsung
000cce	Cisco
000ccf	Cisco
000ce5	CommScope
000ce6	Fortinet
000cf1	Intel
000d28	Cisco
000d29	Cisco
000d3a	Microsoft
000d65	Cisco
000d66	Cisco
000d67	Ericsson
000d72	Pace
000d88	D-Link
000d93	Apple
000dae	Samsung
000dbc	Cisco
000dbd	Cisco
000de5	Samsung
000dec	Cisco
000ded	Cisco
000e07	Sony
000e08	Cisco
000e0c	Intel
000e2e	Edimax
000e35	Intel
000e38	Cisco
000e39	Cisco
000e50	Technicolor
000e58	Sonos
000e59	Sagemcom
000e5c	CommScope
000e80	Technicolor
000e83	Cisco
000e84	Cisco
000ea6	ASUS
000eb6	Cisco
000ed6	Cisco
000ed7	Cisco
000eed	Nokia
000f23	Cisco
000f24	Cisco
000f33	Samsung
000f34	Cisco
000f35	Cisco
000f3d	D-Link
000f48	Samsung
000f66	Cisco
000f8f	Cisco
000f90	Cisco
000f9f	CommScope
000fb3	Actiontec
000fb5	Netgear
000fbb	Nokia
000fc3	Samsung
000fcc	CommScope
000fde	Sony
000ff7	Cisco
000ff8	Cisco
001003	Cisco
001007	Cisco
00100b	Cisco
00100d	Cisco
001011	Cisco
001014	Cisco
00101f	Cisco
001029	Cisco
00102f	Cisco
001054	Cisco
001067	Ericsson
001079	Cisco
00107b	Cisco
001095	Technicolor
0010a3	Arris
0010a6	Cisco
0010b3	Nokia
0010db	Juniper
0010f6	Cisco
0010fa	Apple
0010ff	Cisco
001111	Intel
00111a	CommScope
001120	Cisco
001121	Cisco
001124	Apple
00112f	ASUS
001132	Synology
00113a	Samsung
001145	Cisco
001150	Belkin
00115c	Cisco
00115d	Cisco
001175	Intel
001180	CommScope
001192	Cisco
001193	Cisco
001195	D-Link
00119f	Nokia
0011ae	CommScope
0011bb	Cisco
0011bc	Cisco
0011d8	ASUS
0011e3	Technicolor
0011ee	Arris
001200	Cisco
001201	Cisco
001210	Cisco
001217	Cisco
00121e	Juniper
001225	CommScope
001239	Samsung
001243	Cisco
001244	Cisco
001247	Samsung
00125a	Microsoft
001262	Nokia
00127f	Cisco
001280	Cisco
001288	Pace
00128a	CommScope
0012c9	CommScope
0012d9	Cisco
0012da	Cisco
0012ee	Sony
0012f0	Intel
0012fb	Samsung
001302	Intel
001310	Cisco
001311	CommScope
001315	Sony
001319	Cisco
00131a	Cisco
001320	Intel
001346	D-Link
001349	Zyxel
00135f	Cisco
001360	Cisco
001370	Nokia
001371	CommScope
001377	Samsung
00137f	Cisco
001380	Cisco
001392	Ruckus
0013a9	Sony
0013c3	Cisco
0013c4	Cisco
0013ce	Intel
0013d4	ASUS
0013e8	Intel
0013fd	Nokia
001404	CommScope
00141b	Cisco
00141c	Cisco
001451	Apple
001469	Cisco
00146a	Cisco
00146c	Netgear
001478	TP-Link
00147f	Technicolor
001495	Pace
00149a	CommScope
0014a7	Nokia
0014a8	Cisco
0014a9	Cisco
0014bf	Cisco
0014e8	CommScope
0014f1	Cisco
0014f2	Cisco
0014f6	Juniper
001500	Intel
001505	Actiontec
00150c	AVM (FRITZ!Box)
001517	Intel
00152a	Nokia
00152b	Cisco
00152c	Cisco
00152f	CommScope
001549	Cisco
001552	Cisco
001556	Sagemcom
00155d	Microsoft
001562	Cisco
001563	Cisco
00156d	Ubiquiti
001596	CommScope
001599	Samsung
00159a	CommScope
0015a0	Nokia
0015a2	CommScope
0015a3	CommScope
0015a4	CommScope
0015a8	CommScope
0015b9	Samsung
0015c1	Sony
0015c6	Cisco
0015c7	Cisco
0015ce	CommScope
0015cf	CommScope
0015d0	CommScope
0015d1	CommScope
0015de	Nokia
0015e0	Ericsson
0015e9	D-Link
0015eb	ZTE
0015f2	ASUS
0015f9	Cisco
0015fa	Cisco
001602	Samsung
001620	Sony
001626	CommScope
001632	Samsung
001646	Cisco
001647	Cisco
00164e	Nokia
00164f	Cisco
00166b	Samsung
00166c	Samsung
00166f	Intel
001675	CommScope
001676	Intel
00169c	Cisco
00169d	Cisco
0016b5	CommScope
0016b6	Cisco
0016b8	Sony
0016bc	Nokia
0016c7	Cisco
0016c8	Cisco
0016cb	Apple
0016db	Samsung
0016ea	Intel
0016eb	Intel
001700	CommScope
00170e	Cisco
00170f	Cisco
001731	ASUS
00173b	Cisco
00173f	Belkin
00174b	Nokia
001759	Cisco
00175a	Cisco
001784	CommScope
001794	Cisco
001795	Cisco
00179a	D-Link
0017b0	Nokia
0017c9	Samsung
0017cb	Juniper
0017d5	Samsung
0017df	Cisco
0017e0	Cisco
0017e2	CommScope
0017ee	CommScope
0017f2	Apple
0017f3	Arris
0017fa	Microsoft
001801	Actiontec
00180a	Cisco Meraki
00180f	Nokia
001813	Sony
001818	Cisco
001819	Cisco
001839	Cisco
00183f	Pace
001842	Nokia
00184d	Netgear
001868	Cisco
001873	Cisco
001874	Cisco
001882	Huawei
00188d	Nokia
00189b	Technicolor
0018a4	CommScope
0018af	Samsung
0018b9	Cisco
0018ba	Cisco
0018c0	CommScope
0018c1	Cisco
0018c5	Nokia
0018de	Intel
0018f3	ASUS
0018f6	Technicolor
0018f8	Cisco
001906	Cisco
001907	Cisco
00192c	CommScope
00192d	Nokia
00192f	Cisco
001930	Cisco
001947	Cisco
00194b	Sagemcom
00194f	Nokia
001955	Cisco
001956	Cisco
00195b	D-Link
00195e	CommScope
001963	Sony
001977	Extreme
001979	Nokia
00198f	Nokia
001992	Adtran
0019a6	CommScope
0019a9	Cisco
0019aa	Cisco
0019b7	Nokia
0019c0	CommScope
0019c5	Sony
0019c6	ZTE
0019cb	Zyxel
0019d1	Intel
0019d2	Intel
0019df	Technicolor
0019e0	TP-Link
0019e2	Juniper
0019e3	Apple
0019e4	Pace
0019e7	Cisco
0019e8	Cisco
001a0d	Cisco
001a11	Google
001a16	Nokia
001a1b	CommScope
001a2f	Cisco
001a30	Cisco
001a4f	AVM (FRITZ!Box)
001a66	CommScope
001a6c	Cisco
001a6d	Cisco
001a70	Cisco
001a75	Sony
001a77	CommScope
001a80	Sony
001a83	ASUS
001a89	Nokia
001a8a	Samsung
001a92	ASUS
001aa1	Cisco
001aa2	Cisco
001aad	CommScope
001ac4	Pace
001adb	CommScope
001adc	Nokia
001ade	CommScope
001ae2	Cisco
001ae3	Cisco
001afb	Cisco
001b0c	Cisco
001b0d	Cisco
001b11	D-Link
001b21	Intel
001b2a	Cisco
001b2b	Cisco
001b2f	Netgear
001b33	Nokia
001b52	CommScope
001b53	Cisco
001b54	Cisco
001b59	Sony
001b5b	Pace
001b63	Apple
001b67	Cisco
001b77	Intel
001b8f	Cisco
001b90	Cisco
001b98	Samsung
001baf	Nokia
001bbf	Sagemcom
001bc0	Juniper
001bd4	Cisco
001bd5	Cisco
001bd7	Cisco
001bdd	CommScope
001bee	Nokia
001bfc	ASUS
001c0e	Cisco
001c0f	Cisco
001c10	Cisco
001c11	CommScope
001c12	CommScope
001c35	Nokia
001c39	Samsung
001c43	Samsung
001c4a	AVM (FRITZ!Box)
001c57	Cisco
001c58	Cisco
001c62	LG
001c9a	Nokia
001ca4	Sony
001cb0	Cisco
001cb1	Cisco
001cb3	Apple
001cbf	Intel
001cc0	Intel
001cc1	CommScope
001cc3	CommScope
001cd4	Nokia
001cd6	Nokia
001cdf	Belkin
001cf0	D-Link
001cf6	Cisco
001cf9	Cisco
001cfb	CommScope
001d0d	Sony
001d0f	TP-Link
001d25	Samsung
001d28	Sony
001d2e	Ruckus
001d3b	Nokia
001d45	Cisco
001d46	Cisco
001d4f	Apple
001d5a	Pace
001d60	ASUS
001d68	Technicolor
001d6b	CommScope
001d6e	Nokia
001d70	Cisco
001d71	Cisco
001d7e	Cisco
001d98	Nokia
001da1	Cisco
001da2	Cisco
001daa	DrayTek
001db5	Juniper
001dba	Sony
001dbe	CommScope
001dcd	CommScope
001dce	CommScope
001dcf	CommScope
001dd0	CommScope
001dd1	CommScope
001dd2	CommScope
001dd3	CommScope
001dd4	CommScope
001dd5	CommScope
001dd6	CommScope
001dd8	Microsoft
001de0	Intel
001de1	Intel
001de5	Cisco
001de6	Cisco
001de9	Nokia
001ded	Cisco
001df6	Samsung
001dfd	Nokia
001e10	Huawei
001e13	Cisco
001e14	Cisco
001e2a	Netgear
001e3a	Nokia
001e3b	Nokia
001e45	Sony
001e46	CommScope
001e49	Cisco
001e4a	Cisco
001e52	Apple
001e58	D-Link
001e5a	CommScope
001e64	Intel
001e65	Intel
001e67	Intel
001e69	Technicolor
001e6b	Cisco
001e73	ZTE
001e74	Sagemcom
001e75	LG
001e79	Cisco
001e7a	Cisco
001e7d	Samsung
001e8c	ASUS
001e8d	CommScope
001ea3	Nokia
001ea4	Nokia
001ea7	Actiontec
001ebd	Cisco
001ebe	Cisco
001ec2	Apple
001ec7	Pace
001edc	Sony
001ee1	Samsung
001ee2	Samsung
001ee5	Cisco
001ef6	Cisco
001ef7	Cisco
001f00	Nokia
001f01	Nokia
001f12	Juniper
001f1f	Edimax
001f26	Cisco
001f27	Cisco
001f33	Netgear
001f3b	Intel
001f3c	Intel
001f3f	AVM (FRITZ!Box)
001f41	Ruckus
001f5b	Apple
001f5c	Nokia
001f5d	Nokia
001f6b	LG
001f6c	Cisco
001f6d	Cisco
001f7e	CommScope
001f90	Actiontec
001f95	Sagemcom
001f9d	Cisco
001f9e	Cisco
001f9f	Technicolor
001fa7	Sony
001fb3	Pace
001fb8	Arris
001fc4	CommScope
001fc6	ASUS
001fc9	Cisco
001fca	Cisco
001fcc	Samsung
001fcd	Samsung
001fde	Nokia
001fdf	Nokia
001fe3	LG
001fe4	Sony
001ff3	Apple
002040	CommScope
00207b	Intel
0020aa	Ericsson
0020e0	Actiontec
002108	Nokia
002109	Nokia
002119	Samsung
00211b	Cisco
00211c	Cisco
00211e	CommScope
002127	TP-Link
002129	Cisco
002136	CommScope
00213c	Cisco
002143	CommScope
00214c	Samsung
002155	Cisco
002156	Cisco
002159	Juniper
00215c	Intel
00215d	Intel
00216a	Intel
00216b	Intel
00217c	Pace
002180	CommScope
002182	D-Link
002191	D-Link
00219e	Sony
0021a0	Cisco
0021a1	Cisco
0021aa	Nokia
0021ab	Nokia
0021be	Cisco
0021d1	Samsung
0021d2	Samsung
0021d7	Cisco
0021d8	Cisco
0021e9	Apple
0021fb	LG
0021fc	Nokia
0021fe	Nokia
00220c	Cisco
00220d	Cisco
002210	CommScope
002215	ASUS
00223a	Cisco
00223f	Netgear
002241	Apple
002248	Microsoft
002255	Cisco
002256	Cisco
002265	Nokia
002266	Nokia
00226b	Cisco
002275	Belkin
00227f	Ruckus
002283	Juniper
002290	Cisco
002291	Cisco
002293	ZTE
002298	Sony
0022a1	Huawei
0022a4	Pace
0022a6	Sony
0022a9	LG
0022b0	D-Link
0022b4	CommScope
0022bd	Cisco
0022be	Cisco
0022c2	Amazon
0022ce	Cisco
0022fa	Intel
0022fb	Intel
0022fc	Nokia
0022fd	Nokia
002304	Cisco
002305	Cisco
00230b	CommScope
002312	Apple
002314	Intel
002315	Intel
002332	Apple
002333	Cisco
002334	Cisco
002339	Samsung
00233a	Samsung
002345	Sony
002348	Sagemcom
002351	Pace
002354	ASUS
00235d	Cisco
00235e	Cisco
002363	Huawei
002369	Cisco
00236c	Apple
002374	CommScope
002375	CommScope
002395	CommScope
002399	Samsung
00239c	Juniper
0023a2	CommScope
0023a3	CommScope
0023ab	Cisco
0023ac	Cisco
0023af	CommScope
0023b4	Nokia
0023be	Cisco
0023c2	Samsung
0023cd	TP-Link
0023d6	Samsung
0023d7	Samsung
0023df	Apple
0023ea	Cisco
0023eb	Cisco
0023ed	CommScope
0023ee	CommScope
0023f1	Sony
0023f8	Zyxel
002401	D-Link
002403	Nokia
002404	Nokia
002413	Cisco
002414	Cisco
002417	Technicolor
002436	Apple
002445	Adtran
002450	Cisco
002451	Cisco
002454	Samsung
002456	Pace
00247b	Actiontec
00247c	Nokia
00247d	Nokia
002482	Ruckus
002483	LG
00248c	ASUS
00248d	Sony
002490	Samsung
002491	Samsung
002493	CommScope
002495	CommScope
002497	Cisco
002498	Cisco
0024a0	CommScope
0024a1	CommScope
0024b2	Netgear
0024be	Sony
0024c1	CommScope
0024c3	Cisco
0024c4	Cisco
0024d1	Technicolor
0024d6	Intel
0024d7	Intel
0024dc	Juniper
0024e9	Samsung
0024ef	Sony
0024f7	Cisco
0024f9	Cisco
0024fe	AVM (FRITZ!Box)
002500	Apple
002512	ZTE
00252e	Cisco
002531	Cisco
002538	Samsung
00253c	Pace
002545	Cisco
002546	Cisco
002547	Nokia
002548	Nokia
00254b	Apple
002550	Cisco
002566	Samsung
002567	Samsung
002568	Huawei
002569	Sagemcom
002583	Cisco
002584	Cisco
002586	TP-Link
00259c	Cisco
00259e	Huawei
0025ae	Microsoft
0025b4	Cisco
0025b5	Cisco
0025bc	Apple
0025c4	Ruckus
0025cf	Nokia
0025d0	Nokia
0025e5	LG
0025e7	Sony
0025f1	CommScope
0025f2	CommScope
002608	Apple
00260a	Cisco
00260b	Cisco
002618	ASUS
002624	Technicolor
002636	CommScope
002637	Samsung
00263b	Samsung
002641	CommScope
002642	CommScope
002644	Technicolor
00264a	Apple
002650	Pace
002651	Cisco
002652	Cisco
00265a	D-Link
00265b	Hitron
00265d	Samsung
00265f	Samsung
002662	Actiontec
002668	Nokia
002669	Nokia
002688	Juniper
002691	Sagemcom
002698	Cisco
002699	Cisco
0026b0	Apple
0026b8	Actiontec
0026ba	CommScope
0026bb	Apple
0026c6	Intel
0026c7	Intel
0026ca	Cisco
0026cb	Cisco
0026cc	Nokia
0026d9	CommScope
0026e2	LG
0026ed	ZTE
0026f2	Netgear
00270b	Cisco
00270c	Cisco
00270d	Cisco
00270e	Intel
002710	Intel
002719	TP-Link
002722	Ubiquiti
002790	Cisco
0027e3	Cisco
0028f8	Intel
0029c2	Cisco
002a10	Cisco
002a6a	Cisco
002b70	Samsung
002cc8	Cisco
002ec7	Huawei
002f5c	Cisco
003019	Cisco
003024	Cisco
003040	Cisco
003064	D-Link
003065	Apple
003071	Cisco
003078	Cisco
00307b	Cisco
003080	Cisco
003085	Cisco
003088	Ericsson
003094	Cisco
003096	Cisco
0030a3	Cisco
0030b6	Cisco
0030bd	Belkin
0030f2	Cisco
003126	Nokia
003146	Juniper
003192	TP-Link
003217	Cisco
003358	Ruckus
0034da	LG
0034fe	Huawei
00351a	Cisco
003676	CommScope
0037b7	Sagemcom
0038df	Cisco
003a7d	Cisco
003a98	Cisco
003a99	Cisco
003a9a	Cisco
003a9b	Cisco
003a9c	Cisco
003c10	Cisco
003de1	Huawei
003de8	LG
003ee1	Apple
00400b	Cisco
004020	CommScope
00402d	Arris
004043	Nokia
004096	Cisco
0041d2	Cisco
004238	Intel
00425a	Cisco
004268	Cisco
00451d	Cisco
00464b	Huawei
004a77	ZTE
004b0d	Huawei
004b12	Espressif
004f1a	Huawei
00500b	Cisco
00500f	Cisco
005014	Cisco
00502a	Cisco
00503e	Cisco
005050	Cisco
005053	Cisco
005054	Cisco
005073	Cisco
00507f	DrayTek
005080	Cisco
005094	CommScope
0050a2	Cisco
0050a7	Cisco
0050ba	D-Link
0050bd	Cisco
0050d1	Cisco
0050e2	Cisco
0050e3	CommScope
0050e4	Apple
0050f0	Cisco
0050f2	Microsoft
0050fc	Edimax
00562b	Cisco
00566d	Huawei
0056cd	Apple
0056f1	ZTE
0057c1	LG
0057d2	Cisco
00596c	Cisco
0059dc	Cisco
005a13	Huawei
005b94	Apple
005d73	Cisco
005f67	TP-Link
005f86	Cisco
006009	Cisco
00602f	Cisco
00603e	Cisco
006047	Cisco
00604c	Sagemcom
00605c	Cisco
006070	Cisco
006083	Cisco
006151	Huawei
006171	Apple
006201	Motorola
0062ec	Cisco
006440	Cisco
006619	Huawei
00664b	Huawei
00682b	Huawei
006b6f	Huawei
006bf1	Cisco
006cbc	Cisco
006d52	Apple
006f64	Samsung
007007	Espressif
007147	Amazon
007204	Samsung
007278	Cisco
0072ee	Intel
0073e0	Samsung
007686	Cisco
00778d	Cisco
0077e4	Nokia
007839	Nokia
007888	Cisco
00789e	Sagemcom
007c2d	Samsung
007d3b	Samsung
007d60	Apple
007e95	Cisco
007f28	Actiontec
00801b	Arris
008033	Tenda
008037	Ericsson
0080a4	Cisco
0080c8	D-Link
0080ee	Technicolor
00812a	Apple
0081c4	Cisco
008320	Huawei
00841e	Cisco Meraki
008621	Amazon
008701	Samsung
008731	Cisco
008764	Cisco
008865	Apple
0089c9	Extreme
008a55	Huawei
008a76	Apple
008a96	Cisco
008e73	Cisco
008ef2	Netgear
00900c	Cisco
00900e	D-Link
009021	Cisco
009027	Intel
00902b	Cisco
00905f	Cisco
009064	Technicolor
009069	Juniper
00906d	Cisco
00906f	Cisco
009081	Cisco
009086	Cisco
009092	Cisco
00909c	CommScope
0090a6	Cisco
0090ab	Cisco
0090b1	Cisco
0090bf	Cisco
0090d0	Technicolor
0090d9	Cisco
0090f2	Cisco
00919e	Intel
009235	Apple
009337	Intel
0094ec	Huawei
0097f1	Apple
00991d	Huawei
009acd	Huawei
009ad2	Cisco
009cc0	vivo
009e1e	Cisco
009ec8	Xiaomi
00a040	Apple
00a09d	Cisco
00a0c5	Zyxel
00a0c8	Adtran
00a0c9	Intel
00a159	LG
00a289	Cisco
00a2ee	Cisco
00a38e	Cisco
00a3d1	Cisco
00a45f	Huawei
00a554	Intel
00a5bf	Cisco
00a6ca	Cisco
00a742	Cisco
00a91d	Huawei
00aa00	Intel
00aa01	Intel
00aa02	Intel
00aa6e	Cisco
00aa70	LG
00ab48	Cisco
00ace0	CommScope
00ad24	D-Link
00add5	Huawei
00af1f	Cisco
00b04a	Cisco
00b064	Cisco
00b08e	Cisco
00b0c2	Cisco
00b0e1	Cisco
00b1e3	Cisco
00b362	Apple
00b5d0	Samsung
00b670	Cisco
00b771	Cisco
00b81d	Extreme
00b8b3	Cisco
00b8b6	Motorola
00bb1c	Huawei
00bb3a	Amazon
00bb60	Intel
00bc2f	Actiontec
00bc60	Cisco
00bd3a	Nokia
00be3b	Huawei
00be75	Cisco
00bf61	Samsung
00bf77	Cisco
00c0e1	Cisco
00c164	Cisco
00c1b1	Cisco
00c2c6	Intel
00c30a	Xiaomi
00c3f4	Samsung
00c52c	Juniper
00c585	Apple
00c610	Apple
00c88b	Cisco
00cae0	OPPO
00cae5	Cisco
00cb51	Sagemcom
00cb7a	Technicolor
00cc05	Huawei
00cc34	Juniper
00ccfc	Cisco
00cdfe	Apple
00d006	Cisco
00d037	CommScope
00d046	Cisco
00d058	Cisco
00d063	Cisco
00d079	Cisco
00d088	CommScope
00d090	Cisco
00d097	Cisco
00d09e	Pace
00d0ac	CommScope
00d0b7	Intel
00d0ba	Cisco
00d0bb	Cisco
00d0bc	Cisco
00d0c0	Cisco
00d0d3	Cisco
00d0e4	Cisco
00d0f6	Nokia
00d0ff	Cisco
00d49e	Intel
00d6fe	Cisco
00d76d	Intel
00d78f	Cisco
00d8a2	Huawei
00d9d1	Sony
00da55	Cisco
00db70	Apple
00dbdf	Intel
00dcb2	Extreme
00defb	Cisco
00df1d	Cisco
00e003	Nokia
00e014	Cisco
00e018	ASUS
00e01e	Cisco
00e02b	Extreme
00e034	Cisco
00e04c	Realtek
00e04f	Cisco
00e064	Samsung
00e06f	CommScope
00e08f	Cisco
00e091	LG
00e0a3	Cisco
00e0b0	Cisco
00e0f7	Cisco
00e0f9	Cisco
00e0fc	Huawei
00e0fe	Cisco
00e12f	Huawei
00e16d	Cisco
00e18c	Intel
00e3b2	Samsung
00e406	Huawei
00e421	Sony
00e60e	Extreme
00e63a	Ruckus
00e7e3	ZTE
00eabd	Cisco
00eb2d	Sony
00ebd5	Cisco
00ebd8	Mercusys
00ec0a	Xiaomi
00eeab	Cisco
00f28b	Cisco
00f361	Amazon
00f39f	Apple
00f46f	Samsung
00f4b9	Apple
00f5fd	Huawei
00f620	Google
00f663	Cisco
00f76f	Apple
00f7ad	Huawei
00f81c	Huawei
00f82c	Cisco
00f8cc	Sagemcom
00f952	Huawei
00fa21	Samsung
00fade	Motorola
00fc8b	Amazon
00fc8d	Hitron
00fcba	Cisco
00fd22	Cisco
00fec8	Cisco
04006e	Google
0401a1	Fortinet
04021f	Huawei
040cce	Apple
040f66	TP-Link
04106b	Xiaomi
04137a	Apple
041471	Huawei
041552	Apple
04180f	Samsung
041892	Huawei
0418d6	Ubiquiti
041b6d	LG
041bba	Samsung
041c6c	Intel
041dc7	ZTE
041e64	Apple
041fb8	vivo
042084	ZTE
042405	OPPO
0425c5	Huawei
0425f0	Nokia
042665	Apple
042728	Microsoft
042758	Huawei
04292e	Samsung
042ae2	Cisco
042ec1	Apple
0430fa	Cisco
04331f	Huawei
043389	Huawei
0433c2	Intel
0434cf	Apple
043d6e	Nokia
0441a5	Apple
04421a	ASUS
04489a	Apple
04495d	Huawei
044a6c	Huawei
044bb1	Huawei
044bed	Apple
044e06	Ericsson
044e5a	CommScope
044f4c	Huawei
044faa	Ruckus
0452f3	Apple
045453	Apple
0455b8	Huawei
045665	Nokia
0456e5	Intel
045a95	Nokia
045c6c	Juniper
045d4b	Sony
045fb9	Cisco
046273	Cisco
0463d0	Huawei
046761	Xiaomi
046865	Apple
04698f	Juniper
0469f8	Apple
046c59	Intel
046c9d	Cisco
046ecb	ZTE
046f00	LG
047295	Apple
0472ef	Apple
04749e	Huawei
047503	Huawei
0476b0	Cisco
047970	Huawei
047a0b	Xiaomi
047aae	Huawei
04801a	Huawei
048308	Espressif
04885f	Huawei
048c16	Huawei
048c9a	Huawei
049226	ASUS
049573	ZTE
0495e6	Tenda
0499b9	Apple
0499bb	Apple
049d05	Apple
049f15	Cisco
049fca	Huawei
04a151	Netgear
04a526	Nokia
04a6c8	Intel
04a741	Cisco
04a81c	Huawei
04a82a	Nokia
04ae47	Xiaomi
04b0e7	Huawei
04b167	Xiaomi
04b1a1	Samsung
04b247	Espressif
04b429	Samsung
04b4fe	AVM (FRITZ!Box)
04b5b2	Apple
04b9e3	Samsung
04ba1c	Huawei
04ba8d	Samsung
04bad6	D-Link
04bc6d	Apple
04bc9f	Calix
04bd70	Huawei
04bd97	Cisco
04bdbf	Samsung
04be58	Huawei
04bf6d	Zyxel
04bfd5	Apple
04c06f	Huawei
04c1d8	Huawei
04c241	Nokia
04c5a4	Cisco
04c807	Xiaomi
04c845	TP-Link
04c8b0	Google
04caed	Huawei
04cb01	Samsung
04ccbc	Huawei
04cf4b	Intel
04cf8c	Xiaomi
04d13a	Xiaomi
04d395	Motorola
04d3b0	Intel
04d3b5	Huawei
04d3cf	Apple
04d4c4	ASUS
04d590	Fortinet
04d6aa	Samsung
04d9f5	ASUS
04dad2	Cisco
04db56	Apple
04dbd9	OPPO
04e31a	Sagemcom
04e387	Cisco
04e4b6	Samsung
04e536	Apple
04e598	Xiaomi
04e795	Huawei
04e8b9	Intel
04ea56	Intel
04eb40	Cisco
04ecd8	Intel
04ed33	Intel
04f03e	Huawei
04f0ee	Intel
04f13e	Apple
04f169	Huawei
04f352	Huawei
04f41c	MikroTik
04f778	Sony
04f7e4	Apple
04f938	Huawei
04f9f8	TP-Link
04fe31	Samsung
04fe7f	Cisco
04fe8d	Huawei
04ff08	Huawei
080007	Apple
080016	Arris
080046	Sony
080058	Cisco
080205	Huawei
08023c	Samsung
08028e	Netgear
0805e2	Juniper
0808c2	Samsung
080fe5	Cisco
081093	Samsung
081196	Intel
0812a5	Amazon
08152f	Samsung
0816e3	Huawei
081735	Cisco
08181a	ZTE
0819a6	Huawei
081afd	Huawei
081c6e	Xiaomi
081f71	TP-Link
081ff3	Cisco
0821ef	Samsung
0823b2	vivo
0823c6	Huawei
08240b	Apple
082525	Xiaomi
082573	Apple
082697	Zyxel
08276b	Huawei
082cb6	Apple
082e36	Huawei
082fe9	Huawei
08318b	Huawei
0831a4	Huawei
08357d	Microsoft
0836c9	Netgear
08373d	Samsung
083a8d	Espressif
083af2	Espressif
083d88	Samsung
083e0c	CommScope
083e5d	Sagemcom
083f21	Motorola
083fbc	ZTE
0840f3	Tenda
084473	ZTE
0845d1	Cisco
08474c	Nokia
0847d0	Nokia
084acf	OPPO
084f0a	Huawei
084fa9	Cisco
084ff9	Cisco
085104	Huawei
085531	MikroTik
085700	TP-Link
0857fb	Amazon
085a11	D-Link
085b0e	Fortinet
085bd6	Intel
085c1b	Huawei
085d53	Apple
08606e	ASUS
086083	ZTE
086202	Apple
086266	ASUS
086361	Huawei
08638a	Cisco
086518	Apple
086698	Apple
086a0b	Cisco Meraki
086ac5	Intel
086ae5	Amazon
086d41	Apple
086e9c	Huawei
087045	Apple
087073	Huawei
08711c	Cisco Meraki
087190	Intel
087402	Apple
087671	Juniper
0876ff	Technicolor
087808	Samsung
08798c	Huawei
087a4c	Huawei
087b0f	Amazon
087b12	Sagemcom
087b87	Cisco
087c39	Amazon
087c43	Huawei
087e64	Technicolor
087f98	vivo
088039	Cisco
0881f4	Juniper
08849d	Amazon
08863b	Belkin
0887c7	Apple
088af1	Mercusys
088bc8	Google
088c2c	Samsung
088e90	Intel
088edc	Apple
089115	Amazon
0891a3	Amazon
089272	Espressif
089356	Huawei
0894ec	Huawei
08952a	Technicolor
089536	Actiontec
089542	Apple
0896ad	Cisco
0896d7	AVM (FRITZ!Box)
089707	Cisco
089ac7	ZTE
089bb9	Nokia
089bf1	Cisco
089c86	Nokia
089df4	Intel
089e08	Google
089e84	Huawei
08a5df	Samsung
08a6bc	Amazon
08a6f7	Espressif
08a7c0	Technicolor
08a842	Huawei
08aa55	Motorola
08aa89	ZTE
08ad0a	Espressif
08aed6	Samsung
08b258	Juniper
08b339	Xiaomi
08b3af	vivo
08b3d6	Huawei
08b4b1	Google
08b4d2	Intel
08b61f	Espressif
08b657	AVM (FRITZ!Box)
08bd43	Netgear
08beac	Edimax
08bfa0	Samsung
08bfb8	ASUS
08c021	Huawei
08c06c	Huawei
08c224	Amazon
08c5e1	Samsung
08c729	Apple
08c7b5	Apple
08c7f5	Technicolor
08cbe5	Tenda
08cc27	Motorola
08cc68	Cisco
08cca7	Cisco
08d01e	Juniper
08d09f	Cisco
08d1f9	Espressif
08d23e	Intel
08d40c	Intel
08d42b	Samsung
08d46a	LG
08d59d	Sagemcom
08d945	Huawei
08dd03	OPPO
08dd82	Huawei
08e63b	ZTE
08e689	Apple
08e7e5	Huawei
08e84f	Huawei
08ea44	Extreme
08eb21	Intel
08ebf6	Huawei
08eca9	Samsung
08ecf5	Cisco
08ee8b	Samsung
08f01e	Cisco
08f1b3	Cisco Meraki
08f3fb	Cisco
08f458	Huawei
08f4ab	Apple
08f4f0	Cisco
08f606	ZTE
08f69c	Apple
08f8bc	Apple
08f9e0	Espressif
08fa28	Huawei
08fa79	vivo
08fc88	Samsung
08fd0e	Samsung
08fd58	Huawei
08ff44	Apple
0c014b	ZTE
0c01a5	ZTE
0c0227	Technicolor
0c02bd	Samsung
0c0535	Juniper
0c07df	Xiaomi
0c07f3	Huawei
0c0e76	D-Link
0c0ecb	Huawei
0c1167	Cisco
0c1262	ZTE
0c1420	Samsung
0c1539	Apple
0c1563	Apple
0c1773	Huawei
0c184e	Huawei
0c19f8	Apple
0c1c1a	Cisco
0c1c31	Mercusys
0c1daf	Xiaomi
0c20d3	vivo
0c238d	Huawei
0c2643	Cisco
0c2724	Cisco
0c2c54	Huawei
0c2e57	Huawei
0c2fb0	Samsung
0c3021	Apple
0c31dc	Huawei
0c323a	Samsung
0c3526	Microsoft
0c354f	Nokia
0c3623	Nokia
0c3747	ZTE
0c37dc	Huawei
0c393d	Cisco
0c3b50	Apple
0c3e9f	Apple
0c413e	Microsoft
0c41e9	Huawei
0c43f9	Amazon
0c44c0	ZTE
0c45ba	Huawei
0c473d	Hitron
0c47c9	Amazon
0c4885	LG
0c4b48	Nokia
0c4b54	TP-Link
0c4de9	Apple
0c4ea0	Espressif
0c4f9b	Huawei
0c5101	Apple
0c517e	Apple
0c53b7	Apple
0c5415	Intel
0c54b9	Nokia
0c599c	Juniper
0c6046	vivo
0c6127	Actiontec
0c6743	Huawei
0c6803	Cisco
0c6ac4	Apple
0c6f8b	Apple
0c7043	Sony
0c704a	Huawei
0c715d	Samsung
0c7165	Motorola
0c722c	TP-Link
0c7274	AVM (FRITZ!Box)
0c72d9	ZTE
0c74c2	Apple
0c75bd	Cisco
0c771a	Apple
0c7a15	Intel
0c7bc8	Cisco Meraki
0c7c28	Nokia
0c7db0	Motorola
0c7fb2	CommScope
0c8063	TP-Link
0c8126	Juniper
0c8268	TP-Link
0c8306	Huawei
0c839a	Huawei
0c83f4	Cisco
0c8408	Huawei
0c8509	Tenda
0c8525	Cisco
0c85e1	Apple
0c8610	Juniper
0c8832	Nokia
0c8910	Samsung
0c8b95	Espressif
0c8ba2	Huawei
0c8bfd	Intel
0c8dca	Samsung
0c8ddb	Cisco Meraki
0c8fff	Huawei
0c9192	Intel
0c938f	OPPO
0c93a5	Cisco
0c96bf	Huawei
0c9838	Xiaomi
0c9a3c	Intel
0c9b78	Extreme
0c9d92	ASUS
0ca3b2	Apple
0ca8a7	Samsung
0cac8a	Sagemcom
0cae39	Intel
0caf31	Cisco
0cb319	Samsung
0cb527	Huawei
0cb5b3	Huawei
0cb6d2	D-Link
0cb771	CommScope
0cb787	Huawei
0cb78e	Huawei
0cb815	Espressif
0cbc9f	Apple
0cbd75	OPPO
0cbef1	Huawei
0cc413	Google
0cc56c	Apple
0cc66a	Nokia
0cc6cc	Huawei
0cc6fd	Xiaomi
0cc763	Cisco
0cc98a	Intel
0ccb85	Motorola
0ccc5d	Apple
0cd0f8	Cisco
0cd292	Intel
0cd5d3	Cisco
0cd6bd	Huawei
0cd746	Apple
0cd996	Cisco
0cdbea	Apple
0cdc7e	Espressif
0cdc91	Amazon
0cdd24	Intel
0cddef	Nokia
0cdfa4	Samsung
0ce0dc	Samsung
0ce441	Apple
0ce4a0	Huawei
0ce5a1	Apple
0ce5b5	Huawei
0ce725	Microsoft
0cea14	Ubiquiti
0ceac9	CommScope
0cec8d	Motorola
0ced71	Extreme
0cedc8	Xiaomi
0cee99	Amazon
0cef15	TP-Link
0cf346	Xiaomi
0cf4d5	Ruckus
0cf5a4	Cisco
0cf893	CommScope
0cfc18	Huawei
0cfe45	Sony
0cfe7b	Technicolor
100020	Apple
10003b	Espressif
100177	Huawei
1002b5	Intel
1003cd	Calix
1005b1	CommScope
1005ca	Cisco
1005e1	Nokia
10061c	Espressif
100645	Sagemcom
1006ed	Cisco
1007b6	Samsung
1009f9	Amazon
100ba9	Intel
100c6b	Netgear
100d7f	Netgear
100d8c	Huawei
100e7e	Juniper
101081	ZTE
1012d0	ZTE
101331	Technicolor
1016b1	OPPO
101b54	Huawei
101c0c	Apple
101dc0	Samsung
1020ba	Espressif
102407	Huawei
1027f5	TP-Link
102959	Apple
1029ab	Samsung
102ab3	Xiaomi
102b1c	Motorola
102b41	Samsung
102baa	Sagemcom
102e00	Intel
102f6b	Microsoft
102fca	Apple
103025	Apple
103047	Samsung
10321d	Huawei
10327e	Huawei
1033bf	Technicolor
1036aa	Technicolor
103917	Samsung
1039e9	Juniper
103b59	Samsung
103c59	ZTE
103d1c	Intel
103f44	Xiaomi
1040f3	Apple
104121	Amazon
10417f	Apple
104210	Apple
104400	Huawei
104738	Nokia
104780	Huawei
10490e	Huawei
104a7d	Intel
104fa8	Sony
105107	Intel
105172	Huawei
1051db	Espressif
10521c	Espressif
1052bd	Huawei
105611	CommScope
105725	Cisco
105917	Cisco
105a95	TP-Link
105ddc	Huawei
105f06	Actiontec
105f49	Cisco
105fad	Intel
1062d0	Technicolor
1062eb	D-Link
1067a3	Huawei
10683f	LG
107100	Huawei
1071b3	Zyxel
1071fa	OPPO
107223	Amazon
1074c5	Calix
1077b1	Samsung
10785b	Actiontec
107a2a	Microsoft
107b44	ASUS
107bce	Nokia
107bef	Zyxel
107c61	ASUS
107dc8	Apple
10868c	CommScope
1086f4	Huawei
1088d3	Huawei
1089fb	Samsung
108a7b	Nokia
108ccf	Cisco
108eba	Arris
108ee0	Samsung
108ffe	Huawei
109166	Huawei
1091a8	Espressif
1091d1	Intel
109266	Samsung
109397	CommScope
1093e9	Apple
1094bb	Apple
1094ef	Huawei
109693	Amazon
1096c6	Cisco
1097bd	Espressif
109826	Nokia
10985f	Amazon
109aba	Intel
109add	Apple
109d7a	Huawei
109e6b	Apple
109f41	Apple
109fa9	Actiontec
10a1da	Apple
10a2d3	Apple
10a30f	Huawei
10a4da	Huawei
10a51d	Intel
10a793	Technicolor
10a829	Cisco
10a879	Intel
10abc9	Samsung
10ae60	Amazon
10b1f8	Huawei
10b3c6	Cisco
10b3d5	Cisco
10b3d6	Cisco
10b41d	Espressif
10b588	Apple
10b9c4	Apple
10bc36	Huawei
10bc97	vivo
10bd18	Cisco
10bd3a	Apple
10bda3	Espressif
10bef5	D-Link
10bf48	ASUS
10bf67	Amazon
10c172	Huawei
10c197	Xiaomi
10c25a	Technicolor
10c37b	ASUS
10c3ab	Huawei
10c61f	Huawei
10c735	Microsoft
10cd54	Huawei
10ce02	Amazon
10cee9	Apple
10cf0f	Apple
10d0ab	ZTE
10d38a	Samsung
10d542	Samsung
10d7b0	Sagemcom
10d9a2	Google
10da43	Netgear
10da49	Huawei
10da63	Apple
10ddb1	Apple
10e177	CommScope
10e2c9	Apple
10e2d5	Cisco
10e376	Cisco
10e4c2	Samsung
10e676	Cisco
10e878	Nokia
10e953	Huawei
10ea59	Cisco
10ec81	Samsung
10f005	Intel
10f068	Ruckus
10f1f2	LG
10f311	Cisco
10f60a	Intel
10f681	vivo
10f920	Cisco
10f96f	LG
10f9ee	Nokia
10fc33	Huawei
10feed	TP-Link
14007d	ZTE
140152	Samsung
140589	Motorola
140808	Espressif
1409b4	ZTE
1409dc	Huawei
140ac5	Amazon
140b9e	Samsung
140f42	Nokia
14109f	Apple
1413fb	Huawei
14147d	Apple
14169d	Cisco
141826	Nokia
1418c3	Intel
141923	Cisco
141a97	Apple
141aa3	Motorola
141ba0	Apple
141f78	Samsung
142004	ZTE
14205e	Apple
142103	Calix
14223b	Google
1422db	Cisco
14230a	Huawei
142475	Cisco
142876	Apple
142b2f	Espressif
142d4d	Apple
143004	Huawei
1430c6	Motorola
1432d1	Samsung
14335c	Espressif
143375	Zyxel
1435b7	Apple
143605	Nokia
14360e	Zyxel
1438fa	Motorola
143b51	Huawei
143cc3	Huawei
143e60	Nokia
143ebf	ZTE
143ec2	Intel
143fa6	Sony
144658	Huawei
14472d	OPPO
144920	Huawei
1449bc	DrayTek
1449c5	Huawei
1449d4	Xiaomi
1449e0	Samsung
144f8a	Intel
145120	Huawei
145594	Huawei
1455b9	Nokia
14563a	Huawei
14568e	Samsung
14579f	Huawei
1459c0	Netgear
145a05	Apple
145bd1	CommScope
145e69	OPPO
145ebc	Huawei
145f94	Huawei
146080	ZTE
1460cb	Apple
146393	Espressif
14656a	Huawei
146b9a	ZTE
14755b	Intel
147590	TP-Link
147740	Huawei
147ae4	Apple
147bac	Nokia
147dda	Apple
147fce	Apple
148473	Cisco
148509	Apple
14857f	Intel
148692	TP-Link
14876a	Apple
1488e6	Apple
1489cb	Huawei
1489fd	Samsung
148c4a	Huawei
148f79	Apple
148fc6	Apple
14907a	Xiaomi
149138	Amazon
149182	Belkin
14946c	Apple
1495ce	Apple
1496e5	Samsung
149877	Apple
14987d	Technicolor
14993e	Xiaomi
1499e2	Apple
149a10	Microsoft
149aa3	Huawei
149bf3	OPPO
149d09	Huawei
149d99	Apple
149f3c	Samsung
149f43	Cisco Meraki
14a0f8	Huawei
14a2a0	Cisco
14a32f	Huawei
14a364	Samsung
14a3b4	Huawei
14a51a	Huawei
14ab02	Huawei
14abc5	Intel
14abf0	CommScope
14b3a1	Juniper
14b484	Samsung
14b7f8	Technicolor
14b903	Huawei
14b968	Huawei
14bb6e	Samsung
14bc68	Cisco
14bd61	Apple
14c03e	CommScope
14c126	Nokia
14c14e	Google
14c19f	Espressif
14c213	Apple
14c697	OPPO
14c7c4	Zyxel
14c88b	Apple
14c913	LG
14ca56	ZTE
14cb65	Microsoft
14cc20	TP-Link
14cf92	TP-Link
14cfe2	CommScope
14d00d	Apple
14d11f	Huawei
14d169	Huawei
14d19e	Apple
14d4fe	CommScope
14d5c6	Cisco
14d64d	D-Link
14d864	TP-Link
14d881	Xiaomi
14dab9	Huawei
14dae9	ASUS
14dd9c	vivo
14dda9	ASUS
14de39	Huawei
14e01d	Samsung
14e22a	Cisco
14e6e4	TP-Link
14eb08	Huawei
14ebb6	TP-Link
14edbb	Pace
14f287	Apple
14f42a	Samsung
14f65a	Xiaomi
14f6d8	Intel
14fb70	Huawei
18002d	Sony
1800db	Cisco
1801f1	Xiaomi
18022d	Huawei
1802ae	vivo
180403	vivo
180b1b	Amazon
180bd0	Huawei
180c7a	Sagemcom
180f76	D-Link
18132d	ZTE
181456	Nokia
1814ae	Nokia
1816c9	Samsung
1819d6	Samsung
181beb	Actiontec
181dea	Intel
181e78	Sagemcom
181eb0	Samsung
182032	Apple
1820d5	CommScope
182195	Samsung
18227e	Samsung
182649	Intel
182654	Samsung
182666	Samsung
182a57	Huawei
182ad3	Juniper
1831bf	ASUS
183386	Huawei
18339d	Cisco
183451	Apple
1835d1	CommScope
183a2d	Samsung
183cb7	Huawei
183d5e	Huawei
183da2	Intel
183eef	Apple
183f47	Samsung
183f70	Apple
1844e6	ZTE
184617	Samsung
1848be	Amazon
1849f8	Extreme
184a53	Apple
184b0d	Ruckus
184e16	Samsung
184ecb	Samsung
185345	Nokia
1854cf	Samsung
18550f	Cisco
1855e3	Apple
185644	Huawei
185680	Intel
1856c3	Apple
185933	Cisco
185936	Xiaomi
1859f5	Cisco
185b00	Nokia
185bb3	Samsung
185e0b	ZTE
185e0f	Intel
185f27	Motorola
18622c	Sagemcom
186590	Apple
1867b0	Samsung
18686a	ZTE
186945	TP-Link
1869d4	Samsung
186a81	Sagemcom
18703b	Huawei
18742e	Amazon
1879fd	ZTE
187c0b	Ruckus
187eb9	Apple
188090	Cisco
18810e	Apple
188331	Samsung
1886ac	Nokia
1886c3	Nokia
188740	Xiaomi
18895b	Samsung
188b0e	Espressif
188b45	Cisco
188b9d	Cisco
189088	Cisco
1890d8	Sagemcom
189341	Intel
189c27	CommScope
189c5d	Cisco
189e2c	Huawei
189efc	Apple
18a084	Apple
18a6f7	TP-Link
18a9ed	Cisco
18aa0f	Huawei
18ab1d	Samsung
18af61	Apple
18af8f	Apple
18b0a4	ZTE
18b430	Google Nest
18b657	Huawei
18b81f	CommScope
18b842	Apple
18bb1c	Huawei
18bb41	Huawei
18bfb3	Samsung
18c007	Huawei
18c300	Nokia
18c58a	Huawei
18caa7	ZTE
18cc18	Intel
18ce94	Samsung
18cf24	Huawei
18d0c5	OPPO
18d276	Huawei
18d6c7	TP-Link
18d6dd	Huawei
18d717	OPPO
18d98f	Huawei
18ded7	Huawei
18dfc1	Cisco
18e215	Nokia
18e29f	vivo
18e2c2	Samsung
18e671	Apple
18e728	Cisco
18e777	vivo
18e7b0	Apple
18e7f4	Apple
18e829	Ubiquiti
18e91d	Huawei
18ee69	Apple
18ef63	Cisco
18f0e4	Xiaomi
18f1d8	Apple
18f22c	TP-Link
18f643	Apple
18f7f6	Ericsson
18f935	Cisco
18fab7	Apple
18fd74	MikroTik
18fe34	Espressif
18ff0f	Intel
1c0219	OPPO
1c0b8b	Ubiquiti
1c0d7d	Apple
1c0eaf	Huawei
1c0ec2	Apple
1c112f	vivo
1c12b0	Amazon
1c1386	Huawei
1c13fa	Huawei
1c1448	CommScope
1c151f	Huawei
1c17d3	Cisco
1c1ac0	Apple
1c1adf	Microsoft
1c1b68	CommScope
1c1bb5	Intel
1c1d67	Huawei
1c1d86	Cisco
1c1dd3	Apple
1c1ff1	Huawei
1c20db	Huawei
1c232c	Samsung
1c2704	ZTE
1c2a8b	Nokia
1c2ab0	Xiaomi
1c2d60	Extreme
1c32ac	Huawei
1c36bb	Apple
1c3a60	Ruckus
1c3ade	Samsung
1c3bf3	TP-Link
1c3c78	Apple
1c3cd4	Huawei
1c3d2f	Huawei
1c427d	OPPO
1c42c2	Huawei
1c4363	Huawei
1c4419	TP-Link
1c472f	Huawei
1c48ce	OPPO
1c4d66	Amazon
1c4d70	Intel
1c53f9	Google
1c56fe	Motorola
1c57dc	Apple
1c599b	Huawei
1c5a3e	Samsung
1c5cf2	Apple
1c5f2b	D-Link
1c61b4	TP-Link
1c61bf	Apple
1c627e	Huawei
1c62b8	Samsung
1c64f0	Motorola
1c66aa	Samsung
1c674a	ZTE
1c6758	Huawei
1c6920	Espressif
1c6a1b	Ubiquiti
1c6a76	Apple
1c6a7a	Cisco
1c7055	Huawei
1c7125	Apple
1c73e2	Huawei
1c740d	Zyxel
1c76f2	Samsung
1c7754	Apple
1c77f6	OPPO
1c7a43	vivo
1c7acf	vivo
1c7b21	Sony
1c7ee5	D-Link
1c7f2c	Huawei
1c8682	Apple
1c869a	Samsung
1c872c	ASUS
1c8b76	Calix
1c8bef	Xiaomi
1c8e2a	Apple
1c8e5c	Huawei
1c8f57	Espressif
1c90be	Ericsson
1c9148	Apple
1c9180	Apple
1c937c	CommScope
1c93c4	Amazon
1c984b	Extreme
1c9957	Intel
1c99db	Huawei
1c9c8c	Juniper
1c9d72	Technicolor
1c9dc2	Espressif
1c9e46	Apple
1c9ecc	Technicolor
1ca681	Huawei
1caa07	Cisco
1caba7	Apple
1cabc0	Hitron
1caecb	Huawei
1caf05	Samsung
1caf4a	Samsung
1caff7	D-Link
1cb3c9	Apple
1cb46c	Huawei
1cb72c	ASUS
1cb796	Huawei
1cb9c4	Ruckus
1cbab8	vivo
1cbdb9	D-Link
1cc10c	Intel
1cc3ab	Espressif
1cc3eb	OPPO
1cccd6	Xiaomi
1cd11a	Fortinet
1cd1d7	D-Link
1cd1e0	Cisco
1cd21e	Juniper
1cda27	vivo
1cdbd4	Espressif
1cddea	OPPO
1cdea7	Cisco
1cdf0f	Cisco
1ce209	Apple
1ce4dd	Technicolor
1ce504	Huawei
1ce57f	Samsung
1ce587	Cisco Meraki
1ce61d	Samsung
1ce62b	Apple
1ce639	Huawei
1ce6ad	Huawei
1ce6c7	Cisco
1ce85d	Cisco
1cea1b	Nokia
1ceaac	Xiaomi
1ced6f	AVM (FRITZ!Box)
1cf29a	Google
1cf42b	Huawei
1cf64c	Apple
1cf8d0	Samsung
1cf9d5	Apple
1cfa68	TP-Link
1cfc17	Cisco
1cfc2a	Huawei
1cfe2b	Amazon
1cffad	Huawei
200484	Apple
200889	ZTE
2008ed	Huawei
200bc5	Cisco
200bc7	Huawei
200cc8	Netgear
200e2b	Apple
20108a	ZTE
2010b1	Amazon
2013e0	Samsung
2014c4	Huawei
201582	Apple
2015de	Samsung
201642	Microsoft
2016b9	Intel
201742	LG
201a94	Apple
201bc9	Juniper
201e1d	Huawei
201e88	Intel
201f3b	Google
202051	ZTE
2021a5	LG
202351	TP-Link
2025cc	Xiaomi
20283e	Huawei
202bc1	Huawei
202d07	Samsung
202df6	Apple
20311c	vivo
20326c	Samsung
2032c6	Apple
203389	Google
203462	Xiaomi
2034fb	Xiaomi
203543	Sagemcom
203626	TP-Link
2036d0	Motorola
203706	Cisco
2037a5	Apple
203a07	Cisco
203a0c	Cisco
203a43	Intel
203aeb	ZTE
203b34	Xiaomi
203b67	Samsung
203b69	vivo
203cae	Apple
203d66	CommScope
203db2	Huawei
2043a8	Espressif
20463a	Apple
2047b5	Sagemcom
2047da	Xiaomi
204c9e	Cisco
204e71	Juniper
204e7f	Netgear
20500d	Espressif
205383	Huawei
205476	Sony
2054fa	Huawei
205531	Samsung
205869	Ruckus
205a1d	ZTE
205d47	vivo
205e64	Huawei
205e97	Nokia
205ef7	Samsung
205f3d	Adtran
206274	Microsoft
206432	Samsung
2064cb	OPPO
20658e	Huawei
206980	Apple
206a94	Hitron
206bd5	vivo
206be7	TP-Link
206bf4	Huawei
206c8a	Extreme
206e9c	Samsung
206ef1	Espressif
2072a9	Xiaomi
207355	CommScope
207454	vivo
207600	Actiontec
20768f	Apple
207852	Nokia
2078cd	Apple
2078f0	Apple
207918	Intel
207d74	Apple
20826a	OPPO
2082c0	Xiaomi
2087ec	Huawei
208986	ZTE
208c86	Huawei
2091df	Apple
209339	Juniper
209952	Xiaomi
209a7d	Sagemcom
209ba9	Espressif
209bcd	Apple
209bdd	Huawei
209ef7	Extreme
20a171	Amazon
20a200	Huawei
20a2e4	Apple
20a366	vivo
20a5cb	Apple
20a60c	Xiaomi
20a680	Huawei
20a766	Huawei
20a8bf	Huawei
20a99b	Microsoft
20aa4b	Cisco
20ab37	Apple
20ab48	Huawei
20aeb6	Huawei
20b001	Technicolor
20b82b	Sagemcom
20b868	Motorola
20bbc0	Cisco
20bd1d	Intel
20beb8	Amazon
20becd	Cisco
20c19b	Intel
20c2b0	Huawei
20c74f	Arris
20c9d0	Apple
20cc27	Cisco
20cf30	ASUS
20cfae	Cisco
20d390	Samsung
20d5bf	Samsung
20d607	Nokia
20d80b	Juniper
20da22	Huawei
20dbab	Samsung
20dbea	Cisco
20dce6	TP-Link
20dcfd	Huawei
20de1e	Nokia
20df73	Huawei
20dfb9	Google
20e09c	Nokia
20e15d	TP-Link
20e2a8	Apple
20e46f	vivo
20e525	Huawei
20e52a	Netgear
20e564	CommScope
20e6df	Cisco
20e7c8	Espressif
20e874	Apple
20e882	ZTE
20ed47	Juniper
20ee28	Apple
20f094	Google
20f120	Cisco
20f17c	Huawei
20f19e	CommScope
20f307	ZTE
20f375	CommScope
20f3a3	Huawei
20f44f	Nokia
20f478	Xiaomi
20f4d4	Apple
20f77c	vivo
20fa85	Apple
20fe00	Amazon
2400ba	Huawei
24016f	Huawei
2401c7	Cisco
240588	Google
2406aa	OPPO
240935	Samsung
240995	Huawei
240a3f	Samsung
240a63	CommScope
240ac4	Espressif
241145	Xiaomi
241153	Samsung
241551	Huawei
24161b	Cisco
24166d	Huawei
24169d	Cisco
24181d	Samsung
241ae6	Huawei
241b7a	Apple
241eeb	Apple
241fa0	Huawei
241fbd	Extreme
2420c7	Sagemcom
242124	Nokia
2421ab	Sony
242361	vivo
24240e	Apple
2424b7	Samsung
2426d6	Huawei
2427e5	Huawei
242934	Google
2429b0	Huawei
242a04	Cisco
242aea	Apple
242d6c	Cisco
242e02	Huawei
242fd0	TP-Link
2430f8	Huawei
243154	Huawei
2436da	Cisco
24374c	Cisco
243faa	Huawei
24418c	Intel
244427	Huawei
24456b	Huawei
2446c8	Motorola
2446e4	Huawei
244885	Huawei
244b03	Samsung
244b81	Samsung
244bf1	Huawei
244bfe	ASUS
244c07	Huawei
244cab	Espressif
244ce3	Amazon
244ecd	Sagemcom
24559a	Apple
24586e	ZTE
24587c	Espressif
245a4c	Ubiquiti
245a5f	TP-Link
245ab5	Samsung
245ba7	Apple
245cc5	Huawei
245d92	Juniper
245e48	Apple
245f9f	Huawei
246078	Huawei
2460b3	Samsung
2462ab	Espressif
2462c6	Huawei
246477	Xiaomi
24649f	Huawei
246511	AVM (FRITZ!Box)
246800	Samsung
2468b0	Samsung
246968	TP-Link
2469a5	Huawei
246c60	Huawei
246c84	Cisco
246d10	Apple
246f28	Espressif
246f8c	Huawei
247121	Cisco
24753a	OPPO
2475b3	OPPO
2475fc	ZTE
247645	Huawei
24767d	Cisco
247703	Intel
2478ef	Nokia
24792a	Ruckus
2479f3	OPPO
247e12	Cisco
247e51	ZTE
247f20	Sagemcom
247f3c	Huawei
24813b	Cisco
248185	Extreme
2481c7	Huawei
2482ca	vivo
2491bb	Huawei
24920e	Samsung
2494cb	CommScope
24952f	Google
249745	Huawei
249eab	Huawei
24a074	Apple
24a160	Espressif
24a186	CommScope
24a2e1	Apple
24a43c	Ubiquiti
24a452	Samsung
24a487	Huawei
24a52c	Huawei
24a65e	ZTE
24a799	Huawei
24ab81	Apple
24b2de	Espressif
24b339	Apple
24b5b9	Motorola
24b657	Cisco
24bcf8	Huawei
24c013	ZTE
24c44a	ZTE
24c613	Samsung
24c696	Samsung
24c9a1	Ruckus
24cbe1	Ericsson
24ce33	Amazon
24cf24	Xiaomi
24d0df	Apple
24d337	Xiaomi
24d3f2	ZTE
24d53b	Motorola
24d5e4	Cisco
24d79c	Cisco
24d7eb	Espressif
24da33	Huawei
24da9b	Motorola
24db94	Juniper
24dbac	Huawei
24dbed	Samsung
24dcc3	Espressif
24de8a	Nokia
24deeb	Huawei
24df6a	Huawei
24dfa7	D-Link
24e29d	Huawei
24e314	Apple
24e50f	Google
24e9b3	Cisco
24e9ca	Huawei
24eb16	Intel
24ebed	Huawei
24ec4a	Espressif
24ee9a	Intel
24f094	Apple
24f0d3	Samsung
24f3e3	Cisco
24f40a	Samsung
24f5a2	Belkin
24f5aa	Samsung
24f603	Huawei
24f677	Apple
24f68d	Nokia
24fb65	Huawei
24fc4e	Juniper
24fce5	Samsung
28011c	ZTE
28022e	Apple
280244	Apple
2802d8	Samsung
2805a5	Espressif
280708	Samsung
280b5c	Apple
280c50	Intel
280dfc	Sony
28107b	D-Link
2811a8	Intel
2811ec	Huawei
2812d0	Motorola
28162e	Pace
28167f	Xiaomi
2816a8	Microsoft
2816ad	Intel
281709	Huawei
281878	Microsoft
281dfb	Huawei
28221e	Huawei
2824c9	Amazon
2827bf	Samsung
28285d	Zyxel
282b96	Huawei
282cb2	TP-Link
282cc4	Huawei
282d7f	Apple
283152	Huawei
283166	vivo
2831f8	Huawei
283334	Huawei
2834a2	Cisco
2834ff	Apple
28353a	Huawei
2836f0	Huawei
28372f	Espressif
283737	Apple
28395e	Samsung
283b82	D-Link
283ce4	Huawei
283dc2	Samsung
283e76	Cisco
283f69	Sony
2840dd	Sony
2841c6	Huawei
2841ec	Huawei
2845ac	Huawei
2847aa	Nokia
2848e7	Huawei
2849e9	Apple
284b54	Apple
284d7d	ZTE
284e44	Huawei
285261	Cisco
28534e	Huawei
285471	Huawei
28562f	Espressif
28575d	Apple
285923	Xiaomi
285aeb	Apple
285fdb	Huawei
2864b0	Huawei
2868d2	Huawei
286ab8	Apple
286aba	Apple
286b35	Intel
286b5c	Cisco
286c07	Xiaomi
286ed4	Huawei
286f7f	Cisco
286fb9	Nokia
28704e	Ubiquiti
2872c6	Samsung
2873f6	Amazon
2874f5	Nokia
287777	ZTE
2877f1	Apple
287ab4	Huawei
287aee	CommScope
287b09	ZTE
287fcf	Intel
288088	Netgear
28808a	Huawei
288335	Samsung
2883c9	Apple
288485	Espressif
2887ba	TP-Link
288a1c	Juniper
288cb8	ZTE
288eec	Apple
288ff6	Apple
289104	TP-Link
289200	Intel
2893fe	Cisco
289401	Netgear
28940f	Cisco
289529	Intel
2896b0	Huawei
28987b	Samsung
289e97	Huawei
289efc	Sagemcom
289f04	Samsung
28a02b	Apple
28a06b	Intel
28a24b	Juniper
28a44a	Intel
28a53f	vivo
28a6db	Huawei
28ac9e	Cisco
28af21	ZTE
28af42	Samsung
28affd	Cisco
28b2bd	Intel
28b371	Ruckus
28b448	Huawei
28b591	Cisco
28b829	Juniper
28bab5	Samsung
28bd89	Google
28be43	vivo
28be9b	Technicolor
28c0da	Juniper
28c1a0	Apple
28c21f	Samsung
28c538	Apple
28c5d2	Intel
28c63f	Intel
28c68e	Netgear
28c709	Apple
28c7ce	Cisco
28c87a	CommScope
28c87c	ZTE
28cc01	Samsung
28cfda	Apple
28cfe9	Apple
28d0cb	Adtran
28d0ea	Intel
28d127	Xiaomi
28d1af	Nokia
28d3ea	Huawei
28d5b1	Apple
28d6ec	Huawei
28db02	ZTE
28dcc3	Huawei
28de1c	Samsung
28dea8	ZTE
28dee5	Huawei
28dfeb	Intel
28e02c	Apple
28e14c	Apple
28e31f	Xiaomi
28e34e	Huawei
28e5b0	Huawei
28e6a9	Samsung
28e7cf	Apple
28ea0b	Microsoft
28ea2d	Apple
28ea5b	Cisco
28ec22	Cisco
28ec95	Apple
28ed6a	Apple
28ee52	TP-Link
28ef01	Amazon
28f033	Apple
28f076	Apple
28f5d1	CommScope
28faa0	vivo
28fbae	Huawei
28ff3c	Apple
28ff3e	ZTE
2c00ab	CommScope
2c01b5	Cisco
2c0786	Huawei
2c08b4	Huawei
2c0b97	Xiaomi
2c0bab	Huawei
2c0be9	Cisco
2c0d27	Huawei
2c0da7	Intel
2c0dcf	Xiaomi
2c0e3d	Samsung
2c15bf	Samsung
2c15d9	Huawei
2c1809	Apple
2c195c	Xiaomi
2c1a01	Huawei
2c1a05	Cisco
2c1cf7	Apple
2c1db8	CommScope
2c1f23	Apple
2c200b	Apple
2c2080	Huawei
2c2131	Juniper
2c2172	Juniper
2c26c5	ZTE
2c2768	Huawei
2c2997	Microsoft
2c2bdb	Cisco
2c2ff4	Cisco
2c301a	Technicolor
2c3033	Netgear
2c3124	Cisco
2c326a	Apple
2c3311	Cisco
2c3358	Intel
2c3361	Apple
2c36f2	Huawei
2c36f8	Cisco
2c3996	Sagemcom
2c3a91	Huawei
2c3ab1	Huawei
2c3ae8	Espressif
2c3afd	AVM (FRITZ!Box)
2c3ecf	Cisco
2c3f0b	Cisco Meraki
2c3f38	Cisco
2c4053	Samsung
2c4401	Samsung
2c4881	vivo
2c4c15	Juniper
2c4d54	ASUS
2c4f52	Cisco
2c52af	Huawei
2c542d	Cisco
2c5491	Microsoft
2c54cf	LG
2c55d3	Huawei
2c56dc	ASUS
2c5741	Cisco
2c57ce	Apple
2c584f	CommScope
2c58e8	Huawei
2c598a	LG
2c5a05	Nokia
2c5a0f	Cisco
2c5bb8	OPPO
2c5d34	OPPO
2c5d93	Ruckus
2c61f6	Apple
2c63a1	Huawei
2c658d	Cisco
2c693e	Huawei
2c6bf5	Juniper
2c6dc1	Intel
2c6e85	Intel
2c6f37	Nokia
2c704f	ZTE
2c71ff	Amazon
2c73a0	Cisco
2c7600	Apple
2c780e	Huawei
2c79be	TP-Link
2c79d7	Sagemcom
2c7ba0	Intel
2c7cf2	Apple
2c7e81	CommScope
2c81bf	Apple
2c8217	Apple
2c86d2	Cisco
2c8db1	Intel
2c91ab	AVM (FRITZ!Box)
2c9452	Huawei
2c9520	Apple
2c9569	CommScope
2c957f	ZTE
2c97b1	Huawei
2c97ed	Sony
2c9924	CommScope
2c9975	Samsung
2c9d1e	Huawei
2c9d65	vivo
2c9e00	Sony
2c9e5f	CommScope
2ca042	Huawei
2ca17d	CommScope
2ca797	Huawei
2ca79e	Huawei
2ca7ef	OnePlus
2ca9f0	OPPO
2cab00	Huawei
2cab46	Ruckus
2caba4	Cisco
2cabeb	Cisco
2cae2b	Samsung
2cb05d	Netgear
2cb43a	Apple
2cb68f	Huawei
2cb6c2	ZTE
2cb7a1	Huawei
2cbaba	Samsung
2cbc87	Apple
2cbcbb	Espressif
2cbe08	Apple
2cc1f4	Nokia
2cc253	Apple
2cc546	Huawei
2cc5d3	Ruckus
2cc81b	MikroTik
2cc8f5	Huawei
2cca16	Apple
2ccc15	Nokia
2ccc44	Sony
2ccf58	Huawei
2cd02d	Cisco
2cd066	Xiaomi
2cd2e7	Nokia
2cda46	Samsung
2cdb07	Intel
2cdf68	Apple
2ce2d9	Huawei
2ce38e	Cisco
2ce412	Sagemcom
2ce6cc	Ruckus
2ceafc	Intel
2ceca6	Huawei
2ced89	Huawei
2cedb0	Huawei
2cee26	Arris
2cf0a2	Apple
2cf0ee	Apple
2cf1bb	ZTE
2cf295	Huawei
2cf2a5	Sagemcom
2cf432	Espressif
2cf814	Cisco
2cf89b	Cisco
2cfb0f	Sagemcom
2cfc8b	OPPO
2cfda1	ASUS
2cfe4f	Xiaomi
2cffee	vivo
3000fc	Nokia
3001af	Cisco
300505	Intel
30074d	Samsung
300916	Apple
3009c0	Motorola
300c23	ZTE
300d43	Microsoft
300e43	Apple
300eb8	LG
3010e4	Apple
301577	Zyxel
30169d	Mercusys
3017c8	Sony
301966	Samsung
301984	Huawei
301aba	OPPO
301f48	ZTE
302303	Belkin
302364	Nokia
302432	Intel
302478	Sagemcom
30292b	Cisco
30294b	Huawei
3030f9	Espressif
303422	Cisco
3034f6	Technicolor
3035ad	Apple
3035c5	Huawei
3037a6	Cisco
3037b3	Huawei
303855	Nokia
303926	Sony
303a4a	Cisco
303a64	Intel
303b49	Cisco Meraki
303b7c	Apple
303ea7	Intel
304074	ZTE
3041db	vivo
304240	ZTE
304596	Huawei
30469a	Netgear
30499e	Huawei
304b07	Motorola
304d1f	Amazon
304e1b	Huawei
304f00	OPPO
3050ce	Xiaomi
305714	Apple
30578e	Cisco
3058eb	ZTE
3059b7	Microsoft
305a3a	ASUS
306023	CommScope
3061a2	Huawei
30636b	Apple
3063ea	Juniper
3066d0	Huawei
3067a1	Sagemcom
306893	TP-Link
306a85	Samsung
306df9	OPPO
307467	Samsung
307496	Huawei
307512	Sony
30766f	LG
3076f5	Espressif
307a05	Huawei
307ad2	Apple
307c4a	Huawei
307c5e	Juniper
307f10	OPPO
308216	Apple
308398	Espressif
3083d2	Motorola
308454	OPPO
3085a9	ASUS
308730	Huawei
3087d9	Ruckus
30894a	Intel
3089a6	Huawei
3089d3	D-Link
308af7	Huawei
308bb2	Cisco
308cfb	Cisco
308dd4	Huawei
308ecf	Huawei
309048	Apple
3090ab	Apple
30918f	Technicolor
3093bc	Sagemcom
309435	vivo
309610	Huawei
30963b	Huawei
3096fb	Samsung
309935	ZTE
309e62	Huawei
30a033	Apple
30a1fa	Huawei
30a2c2	Huawei
30a30f	Huawei
30a8db	Sony
30a998	Huawei
30aae4	Huawei
30ab6a	Samsung
30aea4	Espressif
30afce	vivo
30b49e	TP-Link
30b4b8	LG
30b5c2	TP-Link
30b64f	Juniper
30b7d4	Hitron
30b930	ZTE
30bb7d	OnePlus
30bd13	Zyxel
30c0ae	Apple
30c50f	Huawei
30c599	ASUS
30c6ab	ZTE
30c6f7	Espressif
30c7ae	Samsung
30c922	Espressif
30c9cc	Samsung
30cbc7	Cambium
30cbf8	Samsung
30cc21	ZTE
30cda7	Samsung
30d17e	Huawei
30d386	ZTE
30d4e2	Huawei
30d53e	Apple
30d587	Samsung
30d6c9	Samsung
30d7a1	Apple
30d875	Apple
30d9d9	Apple
30dce7	ZTE
30de4b	TP-Link
30e044	Google
30e04f	Apple
30e37a	Intel
30e396	Huawei
30e3a4	Intel
30e4d8	Huawei
30e4db	Cisco
30e7bc	OPPO
30e98e	Huawei
30eb15	Huawei
30eda0	Espressif
30f31d	ZTE
30f335	Huawei
30f600	Sagemcom
30f6ef	Intel
30f70d	Cisco
30f7c5	Apple
30f856	Extreme
30f9ed	Sony
30fbb8	Huawei
30fc68	TP-Link
30fc8c	Technicolor
30fceb	LG
30fd38	Google
30fd65	Huawei
30fe31	Nokia
30fe6c	Apple
30fefa	Cisco
30fffd	Huawei
3400a3	Huawei
340286	Intel
34029c	D-Link
340557	vivo
3407fb	Ericsson
340804	D-Link
3408bc	Apple
340a33	D-Link
340a98	Huawei
340e22	Apple
3410be	Apple
3410d0	Huawei
341298	Apple
3412f9	Huawei
3413e8	Intel
34145f	Samsung
341593	Ruckus
34159e	Apple
341b2d	Cisco
341cf0	Xiaomi
341e6b	Huawei
341fe4	CommScope
3420e3	Ruckus
3423ba	Samsung
34243e	ZTE
3425be	Amazon
342601	Huawei
342840	Apple
342865	Juniper
342912	Huawei
342b6e	Apple
342b70	Arris
342d0d	Samsung
342eb6	Huawei
342eb7	Intel
343111	Samsung
34318f	Apple
3431c4	AVM (FRITZ!Box)
34363b	Apple
343654	ZTE
343759	ZTE
343916	Google
343da9	Huawei
34415d	Intel
344262	Apple
3446ec	Huawei
34479a	OPPO
34495b	Sagemcom
344a1b	ZTE
344b50	ZTE
344dea	ZTE
344df7	LG
344ee2	Huawei
345184	Huawei
3451c9	Apple
3453d2	Sagemcom
3456fe	Cisco Meraki
345840	Huawei
34588a	Cisco
345d9e	Sagemcom
345da8	Cisco
345f45	Espressif
3460f9	TP-Link
346288	Cisco
346679	Huawei
346691	Apple
346987	ZTE
346ac2	Huawei
346b46	Sagemcom
346bd3	Huawei
346e68	Huawei
346e9d	Ericsson
346f90	Cisco
347069	Cisco
347146	Huawei
34732d	Cisco
347839	ZTE
347916	Huawei
347a60	CommScope
347c25	Apple
347df6	Intel
347e00	Huawei
347e39	Nokia
347e5c	Sonos
3480b3	Xiaomi
3481c4	AVM (FRITZ!Box)
3482c5	Samsung
3483d5	Huawei
348446	Ericsson
348518	Espressif
348584	Extreme
34865d	Espressif
348818	Cisco
348a3b	Huawei
348a7b	Samsung
348aae	Sagemcom
348c5e	Apple
348e89	D-Link
348f27	Ruckus
34936f	Juniper
349454	Espressif
349671	Huawei
349672	TP-Link
349677	ZTE
3497f6	ASUS
34987a	Espressif
3498b5	Netgear
34a137	Huawei
34a2a2	Huawei
34a395	Apple
34a84e	Cisco
34a8eb	Apple
34aa8b	Samsung
34aa99	Nokia
34ab37	Apple
34ab95	Espressif
34afb3	Amazon
34b1eb	Apple
34b20a	Huawei
34b354	Huawei
34b472	Espressif
34b7da	Espressif
34b883	Cisco
34b98d	Xiaomi
34bb26	Motorola
34bc5e	Cisco
34bdc8	Cisco
34bdfa	Cisco
34be00	Samsung
34c059	Apple
34c232	Samsung
34c3ac	Samsung
34c3fd	Cisco
34c7e9	Google
34c803	Nokia
34c93d	Intel
34cdb0	Espressif
34cdbe	Huawei
34ce00	Xiaomi
34ce69	Nokia
34cff6	Intel
34d270	Amazon
34d693	Huawei
34daa1	Apple
34dab7	ZTE
34db9c	Sagemcom
34dbfd	Cisco
34ddcc	Google
34de1a	Intel
34de34	ZTE
34e0cf	ZTE
34e12d	Intel
34e1a9	AVM (FRITZ!Box)
34e2fd	Apple
34e3fb	Samsung
34e6ad	Intel
34e894	TP-Link
34e911	vivo
34ed1b	Cisco
34ee16	Apple
34ef44	Pace
34f015	Xiaomi
34f043	Samsung
34f084	Samsung
34f39a	Intel
34f5d7	Huawei
34f64b	Intel
34f68d	Apple
34f716	TP-Link
34f8dd	Apple
34f8e7	Cisco
34fa1c	Xiaomi
34fa9f	Ruckus
34fcef	LG
34fd6a	Apple
34fd70	Intel
34fe77	Apple
34fff3	Huawei
380025	Intel
380195	Samsung
3809fb	Apple
380a94	Samsung
380b40	Samsung
380e4d	Cisco
380f4a	Apple
380fad	Huawei
3810d5	AVM (FRITZ!Box)
38165a	ZTE
3816d1	Samsung
3817b1	Sagemcom
3817e1	Technicolor
38182b	Espressif
38184c	Sony
381868	Intel
38192f	Nokia
381c1a	Cisco
382028	Huawei
382056	Cisco
3822f4	Huawei
38256b	Microsoft
382835	ZTE
38295a	OPPO
382c4a	ASUS
382dd1	Samsung
382de8	Samsung
3830f9	LG
3833c5	Microsoft
3835fb	Sagemcom
38378b	Huawei
38384b	vivo
38396c	Huawei
3839cd	vivo
383bc8	Pace
383fb3	Technicolor
383fe8	Huawei
38420b	Sonos
3844be	Espressif
38453b	Ruckus
384608	ZTE
3847bc	Huawei
38484c	Apple
384a80	Samsung
384c4f	Huawei
384c90	CommScope
384dd2	Huawei
384f49	Juniper
38521a	Nokia
385247	Huawei
38539c	Apple
38549b	ZTE
38563d	Microsoft
385f66	Cisco
386233	Apple
3865b2	Apple
3866f0	Apple
386893	Intel
3868a4	Samsung
386a77	Samsung
386bbb	CommScope
386ded	Juniper
386e88	ZTE
386ea2	vivo
386eb2	Huawei
386f6b	OPPO
38700c	CommScope
3870f2	Huawei
3871de	Apple
387862	Sony
387a0e	Intel
387f8b	Apple
3880df	Motorola
388345	TP-Link
388479	Cisco Meraki
3886f7	Google
3887d5	Intel
38881e	Huawei
3888a4	Apple
38892c	Apple
388a06	Samsung
388abe	OPPO
388b59	Google
388c50	LG
388cef	Samsung
388f30	Samsung
389052	Huawei
3890a5	Cisco
3890af	ZTE
389148	ZTE
3891b7	Cisco
389496	Samsung
3894ed	Netgear
3898e9	Huawei
389af6	Samsung
389cb2	Apple
389e80	ZTE
38a067	Nokia
38a44b	Huawei
38a4ed	Xiaomi
38a659	Sagemcom
38aa09	Cisco
38aa20	ZTE
38aa3c	Samsung
38ad2b	Hitron
38b3f7	Huawei
38b54d	Apple
38baf8	Intel
38bc01	Huawei
38c0ea	Fortinet
38c43a	Apple
38c6bd	Xiaomi
38c85c	Cisco
38c986	Apple
38cada	Apple
38d09c	Huawei
38d40b	Samsung
38d547	ASUS
38d82f	ZTE
38dead	Intel
38e13d	Apple
38e1aa	ZTE
38e1f4	Sagemcom
38e2dd	ZTE
38e39f	Motorola
38e563	OPPO
38e60a	Xiaomi
38eb47	Huawei
38ec07	Motorola
38ec0d	Apple
38ece4	Samsung
38ed18	Cisco
38f18f	Technicolor
38f195	Huawei
38f20d	Juniper
38f23e	Microsoft
38f6cf	ZTE
38f73d	Amazon
38f7f1	Huawei
38f889	Huawei
38f8f6	Adtran
38f9d3	Apple
38fb14	Huawei
38fc34	Huawei
38fc98	Intel
38fdf8	Cisco
38ff36	Ruckus
3c01ef	Sony
3c0461	CommScope
3c0518	Samsung
3c058e	Huawei
3c0630	Apple
3c06a7	TP-Link
3c0754	Apple
3c0771	Sony
3c07d7	Apple
3c08cd	Juniper
3c08f6	Cisco
3c0a7a	Samsung
3c0e23	Cisco
3c0f02	Espressif
3c135a	Xiaomi
3c13bb	Huawei
3c13cc	Cisco
3c155a	Nokia
3c15c2	Apple
3c15fb	Huawei
3c1710	Sagemcom
3c189f	Nokia
3c195e	Samsung
3c197d	Ericsson
3c1a65	Nokia
3c1e04	D-Link
3c1eb5	Apple
3c20f6	Samsung
3c219c	Intel
3c22fb	Apple
3c240a	Huawei
3c25d7	Nokia
3c26e4	Cisco
3c286d	Google
3c2983	Samsung
3c2ca6	Xiaomi
3c2d9e	Technicolor
3c2ef9	Apple
3c2eff	Apple
3c306f	Huawei
3c3174	Google
3c318a	Samsung
3c32b9	OPPO
3c3332	D-Link
3c3464	Apple
3c363d	Nokia
3c366a	Huawei
3c36e4	CommScope
3c3712	AVM (FRITZ!Box)
3c3786	Netgear
3c381f	Huawei
3c3824	Xiaomi
3c38f4	Sony
3c39c8	Apple
3c3b77	Apple
3c410e	Cisco
3c438e	CommScope
3c46a1	Ruckus
3c46d8	TP-Link
3c4711	Huawei
3c4ac9	Huawei
3c4dbe	Apple
3c5002	Apple
3c510e	Cisco
3c52a1	TP-Link
3c5447	Huawei
3c5731	Cisco
3c576c	Samsung
3c5836	Sagemcom
3c585d	Sagemcom
3c58c2	Intel
3c59c0	Huawei
3c5a37	Samsung
3c5ab4	Google
3c5cc4	Amazon
3c5cf1	Cisco
3c5ec3	Cisco
3c6104	Juniper
3c6105	Espressif
3c6200	Samsung
3c64cf	TP-Link
3c65d1	Huawei
3c6716	Cisco
3c678c	Huawei
3c6a48	TP-Link
3c6aa7	Intel
3c6ad2	TP-Link
3c6d89	Apple
3c6f9b	ZTE
3c71bf	Espressif
3c754a	CommScope
3c7625	ZTE
3c7787	Huawei
3c7843	Huawei
3c7895	TP-Link
3c7a8a	CommScope
3c7c3f	ASUS
3c7d0a	Apple
3c7f6e	Xiaomi
3c81d8	Sagemcom
3c82c0	Technicolor
3c8375	Microsoft
3c8427	Espressif
3c846a	TP-Link
3c869a	Huawei
3c86d1	vivo
3c8a1f	Espressif
3c8ab0	Juniper
3c8b7f	Cisco
3c8bfe	Samsung
3c8c93	Juniper
3c8d20	Google
3c90e0	Huawei
3c93f4	Huawei
3c94d5	Juniper
3c9a77	Technicolor
3c9bc6	Huawei
3c9c0f	Intel
3c9d56	Huawei
3ca070	Amazon
3ca10d	Samsung
3ca161	Huawei
3ca2c3	vivo
3ca348	vivo
3ca37e	Huawei
3ca581	vivo
3ca616	vivo
3ca62f	AVM (FRITZ!Box)
3ca6f6	Apple
3ca7ae	ZTE
3ca80a	vivo
3ca916	Huawei
3ca9f4	Intel
3cab8e	Apple
3cafb7	Xiaomi
3cb233	Huawei
3cb6b7	vivo
3cb74b	Technicolor
3cb922	Huawei
3cbbfd	Samsung
3cbcd0	ZTE
3cbd3e	Xiaomi
3cbd69	Nokia
3cbdd8	LG
3cbf60	Apple
3cbfd7	Apple
3cc03e	Huawei
3cc243	Nokia
3cc5c7	Huawei
3ccd36	Apple
3ccd40	Apple
3ccd57	Xiaomi
3ccd5d	Huawei
3ccd93	LG
3cce73	Cisco
3cd0f8	Apple
3cda2a	ZTE
3cdc75	Espressif
3cdcbc	Samsung
3cdd57	Apple
3cdf1e	Cisco
3cdfa9	CommScope
3cdfbd	Huawei
3ce072	Apple
3ce441	Amazon
3ce824	Huawei
3ce90e	Espressif
3ce9f7	Intel
3cea4f	Pace
3cf011	Intel
3cf591	OPPO
3cf652	ZTE
3cf692	Huawei
3cf72a	Nokia
3cf75d	Zyxel
3cf7a4	Samsung
3cf808	Huawei
3cf862	Intel
3cf9f0	ZTE
3cfa06	Microsoft
3cfa43	Huawei
3cfa80	Huawei
3cfb02	Apple
3cfdfe	Intel
3cfeac	Cisco
3cffd8	Huawei
40017a	Cisco
400634	Huawei
4006d5	Cisco
400877	Xiaomi
400d10	CommScope
400e85	Samsung
400eb9	Huawei
400ef3	ZTE
400fc1	Technicolor
4011c3	Samsung
401277	Microsoft
401482	Cisco
4014ad	Huawei
40163b	Samsung
40167e	ASUS
40169f	TP-Link
4018b1	Extreme
401c83	Intel
401cd4	Huawei
4022d8	Espressif
4024d2	Huawei
4025c2	Intel
402619	Apple
402641	Huawei
4027a8	Cisco Meraki
402b50	CommScope
402ba1	Sony
403004	Apple
40313c	Xiaomi
40331a	Apple
4035e6	Samsung
4036b7	Juniper
403b7b	Huawei
403cfc	Apple
403f43	Extreme
403f8c	TP-Link
4040a7	Sony
40410d	Huawei
404244	Cisco
4044ce	Huawei
4045a0	vivo
4045c4	Huawei
40475e	Cisco
40476a	Cisco
40486e	Nokia
40497c	Cisco
404a03	Zyxel
404c77	CommScope
404cca	Espressif
404d7f	Apple
404d8e	Huawei
404f42	Huawei
405493	ZTE
405539	Cisco
405582	Nokia
405846	vivo
405d82	Netgear
405ef6	Samsung
4065a3	Sagemcom
406c8f	Apple
406f27	Huawei
407009	CommScope
4070f5	Apple
407183	Juniper
4074e0	Intel
4075c3	Technicolor
4076a9	Huawei
40786a	Motorola
407911	Apple
407a80	Nokia
407c7d	Nokia
407d0f	Huawei
407f5f	Juniper
40831d	Apple
4086cb	D-Link
408805	Motorola
40882f	Extreme
4089c6	Amazon
408b07	Actiontec
408c1f	OPPO
408e2c	Microsoft
408edf	Huawei
408f9d	Juniper
409151	Espressif
40921a	Apple
409595	TP-Link
4098ad	Apple
409b21	Nokia
409bcd	D-Link
409c28	Apple
409ea4	Juniper
40a2db	Amazon
40a3cc	Intel
40a44a	Google
40a53b	Nokia
40a654	Huawei
40a677	Juniper
40a6b7	Intel
40a6d9	Apple
40a6e8	Cisco
40a9cf	Amazon
40ae30	TP-Link
40b076	ASUS
40b0fa	LG
40b15c	Huawei
40b215	Extreme
40b395	Apple
40b3fa	Apple
40b4cd	Amazon
40b4f0	Juniper
40b5c1	Cisco
40b607	OPPO
40b6e7	Huawei
40b70e	Huawei
40b7f3	CommScope
40b82d	Ruckus
40b837	Sony
40bc60	Apple
40c02f	Actiontec
40c3bc	Huawei
40c711	Apple
40c729	Sagemcom
40c73c	Intel
40cba8	Huawei
40cbc0	Apple
40cd3a	Arris
40ce24	Cisco
40d133	Intel
40d160	Apple
40d32d	Apple
40d3ae	Samsung
40d563	Amazon
40da5c	Apple
40dca5	Huawei
40de24	Samsung
40dead	Juniper
40e1e4	Nokia
40e317	Extreme
40e64b	Apple
40e762	Calix
40e99b	Samsung
40eb21	Huawei
40ec99	Intel
40ecbd	Intel
40ed00	TP-Link
40edcf	Apple
40eedd	Huawei
40f078	Cisco
40f201	Sagemcom
40f49f	Cisco
40f4ec	Cisco
40f520	Espressif
40f6bc	Amazon
40f946	Apple
40fafe	Motorola
40fc89	CommScope
440010	Apple
440049	Amazon
44004d	Huawei
44032c	Intel
4403a7	Cisco
440444	OPPO
44053f	Sagemcom
4405b8	Huawei
44070b	Google
4409c6	Huawei
4409da	Apple
440c4b	Huawei
441030	Google
4413d0	ZTE
441524	Sagemcom
441622	Microsoft
4416fa	Samsung
441793	Espressif
4418fd	Apple
441a5c	Cisco
441b88	Apple
441bf6	Espressif
441c12	Technicolor
441c7f	Motorola
441d64	Espressif
441e98	Ruckus
44227c	Huawei
44237c	Xiaomi
44272e	Huawei
442a60	Apple
442b03	Cisco
44303f	Huawei
44321d	Huawei
443262	ZTE
4432c8	Technicolor
4434a7	CommScope
443583	Apple
4438e8	Intel
443d54	Amazon
4441f0	ZTE
444201	Amazon
444988	Intel
444a37	Xiaomi
444a4c	vivo
444adb	Apple
444c0c	Apple
444e1a	Samsung
444e6d	AVM (FRITZ!Box)
4455b1	Huawei
4455c4	Huawei
445829	Cisco
445925	Cisco
445943	ZTE
4459e3	Huawei
445ce9	Samsung
4463c2	Zyxel
44643c	Cisco
44650d	Amazon
44657f	Calix
446690	TP-Link
4466fc	OPPO
446747	Huawei
446a2e	Huawei
446ab7	CommScope
446d6c	Samsung
446d7f	Amazon
446ee5	Huawei
447147	Xiaomi
44746c	Sony
447654	Huawei
447831	Huawei
44783e	Samsung
447b45	Amazon
4480eb	Motorola
4482e5	Huawei
448500	Intel
448816	Cisco
44896d	Amazon
448dd5	Cisco
448f17	Samsung
4490bb	Apple
4494fc	Netgear
449a52	ZTE
449bc1	Huawei
449e8b	Apple
449ef9	vivo
449f46	Huawei
44a038	Huawei
44a10e	Apple
44a191	Huawei
44a3bb	Intel
44a3c7	ZTE
44a56e	Netgear
44a7f4	Apple
44a8fc	Apple
44aa50	Juniper
44aaf5	CommScope
44ac85	Cisco
44adb1	Sagemcom
44add9	Cisco
44ae25	Cisco
44ae44	Huawei
44aeab	OPPO
44af28	Intel
44b176	Espressif
44b32d	TP-Link
44b3c5	Huawei
44b4b2	Amazon
44b6be	Cisco
44bb3b	Google
44bd8d	Espressif
44bdc8	Xiaomi
44be0b	Huawei
44c20c	Cisco
44c346	Huawei
44c3b6	Huawei
44c532	Huawei
44c63c	Samsung
44c65d	Apple
44c7fc	Huawei
44cbad	Xiaomi
44ce1d	Nokia
44d3ca	Cisco
44d453	Sagemcom
44d454	Sagemcom
44d4e0	Sony
44d5cc	Amazon
44d791	Huawei
44d884	Apple
44d9e7	Ubiquiti
44da30	Apple
44df65	Xiaomi
44e08e	Cisco
44e137	CommScope
44e4d9	Cisco
44e4e6	Extreme
44e517	Intel
44e59b	Huawei
44e66e	Apple
44e968	Huawei
44e9dd	Sagemcom
44ea30	Samsung
44ecce	Juniper
44f09e	Apple
44f21b	Apple
44f436	ZTE
44f459	Samsung
44f477	Juniper
44f770	Xiaomi
44fb42	Apple
44fb5a	ZTE
44fb76	vivo
44feef	OPPO
44ffba	ZTE
480031	Huawei
480033	Technicolor
4800b3	Cisco
4801c5	OnePlus
480234	Huawei
4805e2	Huawei
48066a	Arris
480a28	Apple
480eec	TP-Link
481258	Huawei
48128f	Huawei
48137e	Samsung
481b40	Technicolor
481ba4	Cisco
481d70	Cisco
482254	TP-Link
4825f3	Huawei
48262c	Apple
4827c5	Huawei
4827e2	Espressif
4827ea	Samsung
48282f	ZTE
482952	Sagemcom
4829d6	OPPO
482ca0	Xiaomi
482cd0	Huawei
482e72	Cisco
482fd7	Huawei
4831b7	Espressif
4831db	Huawei
48352b	Apple
483543	OPPO
483584	Huawei
483871	Huawei
483a02	Fortinet
483b38	Apple
483c0c	Huawei
483fda	Espressif
483fe9	Huawei
4840d5	Intel
48417b	Nokia
48435a	Huawei
48437c	Apple
4843dd	Amazon
484487	Cisco
4844f7	Samsung
484520	Intel
4846fb	Huawei
48474b	Huawei
484982	Huawei
484996	Huawei
4849c7	Samsung
484baa	Apple
484bd4	Technicolor
484c29	Huawei
484c86	Huawei
484efc	CommScope
485073	Microsoft
485169	Samsung
4851b7	Intel
4851c5	Intel
485519	Espressif
485702	Huawei
485929	LG
4859a4	ZTE
485a0d	Juniper
485b39	ASUS
485d35	AVM (FRITZ!Box)
485f08	TP-Link
485f2d	Amazon
485fdf	ZTE
48605f	LG
4860bc	Apple
4861ee	Samsung
486276	Huawei
486345	Huawei
48684a	Intel
48706f	Huawei
487310	Juniper
487410	Cisco
487412	OnePlus
48746e	Apple
487746	Calix
4877bd	OPPO
48785e	Amazon
48794d	Samsung
487b2f	Microsoft
487b6b	Huawei
487d2e	TP-Link
488002	Cisco
4883b4	OPPO
4883c7	Sagemcom
4886e8	Microsoft
488759	Xiaomi
488764	vivo
4889e7	Intel
488ae8	vivo
488b0a	Cisco
488c63	Huawei
488eef	Huawei
488f5a	MikroTik
48902f	LG
4891d5	Cisco
489507	OPPO
4896d9	ZTE
489bd5	Extreme
489d31	Espressif
489dd1	Samsung
48a170	Cisco
48a195	Apple
48a472	Intel
48a516	Huawei
48a6b8	Sonos
48a74e	ZTE
48a91c	Apple
48a98a	MikroTik
48aabb	Sagemcom
48ad08	Huawei
48ad9a	Intel
48b25d	Huawei
48b423	Amazon
48b424	Cisco
48b8a3	Apple
48bce1	Samsung
48bd4a	Huawei
48bdce	Technicolor
48bf6b	Apple
48c381	TP-Link
48c461	OPPO
48c796	Samsung
48ca43	Espressif
48ca68	Apple
48cdd3	Huawei
48cfa9	Huawei
48d24f	Sagemcom
48d343	CommScope
48d539	Huawei
48d682	ZTE
48d6d5	Google
48d705	Apple
48db50	Huawei
48dc2d	Huawei
48dcfb	Nokia
48dd0c	Cisco
48e150	Intel
48e15c	Apple
48e1ca	Apple
48e729	Espressif
48e9f1	Apple
48ec5b	Nokia
48ede6	Zyxel
48ee0c	D-Link
48ef1c	Samsung
48ef61	Huawei
48f17f	Intel
48f6ee	Espressif
48f7bc	Huawei
48f7c0	Technicolor
48f7f1	Nokia
48f8b3	Cisco
48f8db	Huawei
48f8e1	Nokia
48fc07	Huawei
48fd8e	Huawei
48fda3	Xiaomi
4c0082	Cisco
4c0143	Cisco
4c01f7	Cisco
4c0220	Xiaomi
4c034f	Intel
4c09b4	ZTE
4c0a4e	Extreme
4c0bbe	Microsoft
4c0f3e	Intel
4c10d5	TP-Link
4c11ae	Espressif
4c1265	CommScope
4c16f1	ZTE
4c16fc	Juniper
4c1744	Amazon
4c17eb	Sagemcom
4c189a	OPPO
4c195d	Sagemcom
4c1a3d	OPPO
4c1d96	Intel
4c1fcc	Huawei
4c20b8	Apple
4c2113	Nokia
4c21d0	Sony
4c2258	Cisco
4c22c9	ZTE
4c231a	Extreme
4c2578	Nokia
4c2b3b	Huawei
4c2e5e	Samsung
4c2eb4	Apple
4c2fd7	Huawei
4c3275	Apple
4c3488	Intel
4c38d8	CommScope
4c3946	Samsung
4c3bdf	Microsoft
4c3c16	Samsung
4c421e	Cisco
4c4341	Calix
4c445b	Intel
4c494f	ZTE
4c496c	Intel
4c49e3	Xiaomi
4c4ab4	Juniper
4c4cd8	ZTE
4c4e35	Cisco
4c4fee	OnePlus
4c5077	Huawei
4c50f1	OPPO
4c53fd	Amazon
4c5499	Huawei
4c55b2	Xiaomi
4c569d	Apple
4c5739	Samsung
4c57ca	Apple
4c5d3c	Cisco
4c5d6a	Apple
4c5e0c	MikroTik
4c5f70	Intel
4c60ad	Amazon
4c60de	Netgear
4c617e	Huawei
4c62cd	Nokia
4c6371	Xiaomi
4c63ad	Huawei
4c6641	Samsung
4c66a6	Samsung
4c6be8	Apple
4c6d58	Juniper
4c6f9c	OPPO
4c710c	Cisco
4c710d	Cisco
4c734f	Juniper
4c74bf	Apple
4c7525	Espressif
4c776d	Cisco
4c77cb	Intel
4c796e	Intel
4c7975	Apple
4c79ba	Intel
4c7c5f	Apple
4c7cd9	Apple
4c7f62	Nokia
4c8093	Intel
4c820c	Apple
4c83de	Cisco
4c889e	Huawei
4c8b30	Actiontec
4c8bef	Huawei
4c8d53	Huawei
4c8d79	Apple
4c8e19	Xiaomi
4c92d2	OPPO
4c9614	Juniper
4c97cc	Apple
4c9992	vivo
4c9eff	Zyxel
4c9ff1	Apple
4ca56d	Samsung
4ca64d	Cisco
4ca954	Intel
4cab4f	Apple
4cabfc	ZTE
4cac0a	ZTE
4cad35	Apple
4cae13	Huawei
4cb04a	Intel
4cb087	Huawei
4cb16c	Huawei
4cb199	Apple
4cb1cd	Ruckus
4cb910	Apple
4cbc48	Cisco
4cbca5	Samsung
4cc00a	vivo
4cc382	Espressif
4cc53e	Zyxel
4cc64c	Xiaomi
4cc8a1	Cisco Meraki
4cc94f	Nokia
4cc95e	Samsung
4cca95	Huawei
4ccbf5	ZTE
4ccdb6	Apple
4cd0cb	Huawei
4cd0dd	Huawei
4cd0f9	Cisco
4cd1a1	Huawei
4cd629	Huawei
4cd74a	Technicolor
4cdd31	Samsung
4cde48	Huawei
4ce0db	Xiaomi
4ce175	Cisco
4ce176	Cisco
4ce20f	Xiaomi
4ce650	Apple
4ce65e	Huawei
4ce6c0	Apple
4ceaae	OPPO
4ceb42	Intel
4cebb0	Samsung
4cebd6	Espressif
4cec0f	Cisco
4cecee	Samsung
4cedfb	ASUS
4cefc0	Amazon
4cf202	Xiaomi
4cf475	Huawei
4cf55b	Huawei
4cf95d	Huawei
4cfb45	Huawei
5000e0	Cisco
50016b	Huawei
5001bb	Samsung
5001d9	Huawei
500238	Nokia
500291	Espressif
5004b8	Huawei
50056e	OPPO
500604	Cisco
5006ab	Cisco
5007c3	Amazon
500959	Technicolor
500a9c	Extreme
500b23	Huawei
500b26	Huawei
500f80	Cisco
500ff5	Tenda
50131d	Motorola
5014c1	Huawei
5016f4	Motorola
5017ff	Cisco
501ac5	Microsoft
501cb0	Cisco
501cbf	Cisco
501d93	Huawei
501fc6	Apple
5021ec	Huawei
5023a2	Apple
5027a9	Cisco
50284a	Intel
502873	Huawei
5029f5	OPPO
502b73	Tenda
502d1d	Nokia
502da2	Intel
502f9b	Intel
502fa8	Cisco
502fbb	Motorola
503237	Apple
503275	Samsung
503955	Cisco
503cea	OPPO
503d7f	Nokia
503da1	Samsung
503dc6	Xiaomi
503dd1	TP-Link
503de5	Cisco
503eaa	TP-Link
503f50	Huawei
504061	Nokia
504172	Huawei
504289	ZTE
50464a	Huawei
50465d	ASUS
504921	Cisco
5049b0	Samsung
504a6e	Netgear
504b9e	Huawei
504f3b	Xiaomi
5050a4	Samsung
50523b	Nokia
505527	LG
5056bf	Samsung
50578a	Apple
5057a8	Cisco
50586f	Huawei
505c88	Cisco
505d7a	ZTE
505dac	Huawei
505e24	ZTE
50613f	Cisco
5061bf	Cisco
506382	Huawei
506391	Huawei
50642b	Xiaomi
5066e5	Huawei
5067ae	Cisco
5067f0	Zyxel
50680a	Huawei
5068ac	Huawei
506a03	Netgear
506f0c	Sagemcom
506f77	Huawei
507164	Cisco
5075f1	CommScope
5076af	Intel
507705	Samsung
50787d	Espressif
5078b0	Huawei
5078b3	ZTE
507a55	Apple
507ac5	Apple
507c6f	Intel
5082d5	Apple
508492	Intel
508569	Samsung
50857c	Cisco
50874d	OPPO
508789	Cisco
508811	Xiaomi
5089d1	Huawei
508a7f	Huawei
508cc9	ZTE
508d62	Huawei
508d9e	Huawei
508e49	Xiaomi
508f4c	Xiaomi
5091e3	TP-Link
50926a	Xiaomi
5092b9	Samsung
5093ce	Huawei
509551	CommScope
509839	Xiaomi
50995a	Amazon
509a88	Huawei
509ea7	Samsung
509f27	Huawei
50a009	Xiaomi
50a0a4	Nokia
50a1f3	Huawei
50a4c8	Samsung
50a5dc	CommScope
50a67f	Apple
50a6d8	Apple
50a72b	Huawei
50a733	Ruckus
50acb9	Huawei
50af4d	ZTE
50b03b	Sony
50b127	Apple
50b363	Amazon
50b7c3	Samsung
50bb9f	Technicolor
50bc96	Apple
50bd5f	TP-Link
50c58d	Juniper
50c709	Juniper
50c7bf	TP-Link
50c8e5	Samsung
50ccf8	Samsung
50d2f5	Xiaomi
50d45c	Amazon
50d4f7	TP-Link
50da9e	Tenda
50dad6	Xiaomi
50dce7	Amazon
50de06	Apple
50e039	Zyxel
50e085	Intel
50e0ef	Nokia
50e24e	ZTE
50e636	AVM (FRITZ!Box)
50e7b7	vivo
50ead6	Apple
50eb71	Intel
50ebf6	ASUS
50ec50	Xiaomi
50ed3c	Apple
50f0d3	Samsung
50f265	Apple
50f351	Apple
50f4eb	Apple
50f520	Samsung
50f5da	Amazon
50f722	Cisco
50f7ed	Huawei
50f958	Huawei
50fa84	TP-Link
50fc9f	Samsung
50fe39	Xiaomi
540295	Huawei
5404a6	ASUS
540764	Huawei
54077d	Netgear
540910	Apple
540929	Amazon
540955	ZTE
540df9	Huawei
540e2d	vivo
540e58	OPPO
54102e	Huawei
54104f	Samsung
541149	vivo
5412cb	Huawei
541310	Huawei
5414f3	Intel
5419c8	vivo
541e56	Juniper
541f8d	ZTE
541fcd	OPPO
54211d	Huawei
54219d	Samsung
542259	Huawei
5422e0	Adtran
5422f8	ZTE
5425ea	Huawei
542618	Huawei
54263d	Sony
542696	Apple
542906	Apple
542a1b	Sonos
542a43	Apple
542b1c	Amazon
542b76	ZTE
542b8d	Apple
542f2b	Huawei
542f8a	Amazon
543204	Espressif
5432c7	Apple
5433cb	Apple
5434ef	Huawei
543631	Intel
5439df	Huawei
543ad6	Samsung
543d37	Ruckus
5440ad	Samsung
544249	Sony
5443b2	Espressif
544408	Nokia
54443b	Huawei
5444a3	Samsung
544617	ZTE
5447cc	Sagemcom
5448e6	Xiaomi
544a00	Cisco
544b8c	Juniper
544c8a	Microsoft
544e90	Apple
54511b	Huawei
5451de	Cisco
545284	Huawei
5453ed	Sony
5455d5	Huawei
545618	Huawei
545925	Huawei
545aa6	Espressif
546009	Google
54606d	Huawei
5462e2	Apple
5464bc	OPPO
5464d9	Sagemcom
5465de	CommScope
546706	OPPO
546749	Google
546990	Huawei
546ceb	Intel
5471dd	Huawei
54724f	Apple
54735a	Huawei
547595	TP-Link
5475d0	Cisco
54781a	Cisco
5478f0	ZTE
547975	Nokia
547c69	Cisco
547fee	Cisco
54833a	Zyxel
5484dc	ZTE
5486bc	Cisco
54880e	Samsung
5488d5	ZTE
5488de	Cisco
548998	Huawei
548aba	Cisco
548d5a	Intel
549209	Huawei
5492be	Samsung
549963	Apple
549b12	Samsung
549b72	Ericsson
549f06	Nokia
549f13	Apple
549fc6	Cisco
54a050	ASUS
54a274	Cisco
54a51b	Huawei
54a637	Huawei
54a65c	Technicolor
54a6db	Huawei
54a703	TP-Link
54ae27	Apple
54af97	TP-Link
54b121	Huawei
54b27e	Sagemcom
54b802	Samsung
54b80a	D-Link
54b8db	Apple
54bad6	Huawei
54bd79	Samsung
54be53	ZTE
54c480	Huawei
54c80f	TP-Link
54ce82	ZTE
54cf8d	Huawei
54d17d	Samsung
54d46f	Cisco
54d9c6	Huawei
54dd21	Huawei
54dd4f	Samsung
54ded3	ZTE
54e032	Juniper
54e15b	Huawei
54e2e0	CommScope
54e43a	Apple
54e4ed	Intel
54e61b	Apple
54e6fc	TP-Link
54e6fd	Sony
54eaa8	Apple
54ebe9	Apple
54ec2f	Ruckus
54eda3	Cisco
54ef43	Huawei
54f201	Samsung
54f294	Huawei
54f607	Huawei
54f6e2	Huawei
54fa3e	Samsung
54fa96	Nokia
54fcf0	Samsung
5800bb	Juniper
58044f	TP-Link
5807f8	Nokia
580987	Amazon
580a20	Cisco
580ad4	Apple
580fa5	Apple
581122	ASUS
58170c	Sony
581862	Sony
5819f8	CommScope
581cf8	Intel
581dd8	Sagemcom
581f28	Huawei
581faa	Apple
582059	Xiaomi
582071	Samsung
58238c	Technicolor
582429	Google
582575	Huawei
582a93	Apple
582abd	Espressif
582af7	Huawei
582ff7	Sagemcom
58306e	Nokia
58355d	Huawei
5835d9	Cisco
583653	Apple
583f54	LG
58404e	Apple
584120	TP-Link
5843ab	OPPO
584498	Xiaomi
58454c	Ericsson
584822	Sony
584bbc	ZTE
585595	Apple
5855ca	Apple
58569f	Cisco
5856aa	Apple
5856c2	Huawei
5856e8	CommScope
5858cd	Extreme
5859c2	Extreme
585ff6	ZTE
58605f	Huawei
5860d8	CommScope
5864c4	Apple
58666d	Apple
58687a	Sagemcom
586b14	Apple
586c25	Intel
586d67	Intel
586d8f	Cisco
58707f	Ericsson
5872c9	ZTE
5873d1	Huawei
5873d8	Apple
587961	Microsoft
5879e0	Samsung
587a6a	OPPO
587f57	Apple
587f66	Huawei
5882a8	Microsoft
588336	Huawei
588670	Juniper
588785	Adtran
58879f	Huawei
588b1c	Cisco
588bf3	Zyxel
588c81	Espressif
588d09	Cisco
589043	Sagemcom
5891cf	Intel
589204	ZTE
589351	Huawei
589396	Ruckus
5893e8	Apple
58946b	Intel
5894ae	Huawei
58957e	Huawei
58960a	LG
58961d	Intel
589630	Technicolor
58971e	Cisco
5897bd	Cisco
589835	Technicolor
589a3e	Amazon
58a023	Intel
58a2b5	LG
58a639	Samsung
58a839	Intel
58a87b	Cisco
58a8e8	Amazon
58ac78	Cisco
58ad12	Apple
58ae2b	Huawei
58aea8	Huawei
58b035	Apple
58b10f	Samsung
58b18f	Huawei
58b623	Xiaomi
58b633	Ruckus
58b965	Apple
58bad4	Huawei
58bc27	Cisco
58be72	Huawei
58bf25	Espressif
58bfea	Cisco
58c17a	Cambium
58c38b	Samsung
58c5cb	Samsung
58c6f0	OPPO
58cb52	Google
58ce2a	Intel
58cf79	Espressif
58d061	Huawei
58d312	ZTE
58d349	Apple
58d56e	D-Link
58d61f	Ubiquiti
58d697	OPPO
58d759	Huawei
58d812	TP-Link
58d9c3	Motorola
58d9d5	Tenda
58df59	Cisco
58e28f	Apple
58e434	Juniper
58e488	Amazon
58e6ba	Apple
58e6c5	Espressif
58ea1f	Xiaomi
58ed99	ZTE
58ef68	Belkin
58f2fc	Huawei
58f39c	Cisco
58f8d7	Huawei
58f987	Huawei
58fb3e	Huawei
58fb84	Intel
58fb96	Ruckus
58fdb1	LG
58fe7e	ZTE
58ffa1	ZTE
5c013b	Espressif
5c0214	Xiaomi
5c0339	Huawei
5c0610	Cisco Meraki
5c07a6	Huawei
5c0947	Apple
5c0979	Huawei
5c0a5b	Samsung
5c0b3b	Huawei
5c0e8b	Extreme
5c101e	ZTE
5c10c5	Samsung
5c13ac	Apple
5c13cc	Apple
5c1648	OPPO
5c167d	Huawei
5c1720	Huawei
5c17cf	OnePlus
5c1bf4	Apple
5c1cb9	vivo
5c1dd9	Apple
5c22da	Technicolor
5c2e59	Samsung
5c3192	Cisco
5c337b	Google
5c35fc	Actiontec
5c3977	Juniper
5c3a3d	ZTE
5c3c27	Samsung
5c3e06	Cisco
5c3e1b	Apple
5c4071	Xiaomi
5c415a	Amazon
5c4527	Juniper
5c4879	Huawei
5c4979	AVM (FRITZ!Box)
5c497d	Samsung
5c4ca9	Huawei
5c4dbf	ZTE
5c5015	Cisco
5c50d9	Apple
5c5136	Samsung
5c514f	Intel
5c5181	Samsung
5c5188	Motorola
5c51df	Cisco
5c5230	Apple
5c5284	Apple
5c546d	Huawei
5c571a	CommScope
5c57c8	Nokia
5c5948	Apple
5c5a35	Cisco
5c5ac7	Cisco
5c5e0a	Samsung
5c5eab	Juniper
5c5ebb	Huawei
5c5f67	Intel
5c6117	Huawei
5c628b	TP-Link
5c63b0	Fortinet
5c63bf	TP-Link
5c647a	Huawei
5c648e	Zyxel
5c64f1	Cisco
5c666c	OPPO
5c6783	Intel
5c6a80	Zyxel
5c6b4f	Cisco
5c7017	Apple
5c7075	Huawei
5c70a3	LG
5c710d	Cisco
5c75af	Cisco
5c7695	Technicolor
5c76d5	Nokia
5c78f8	Huawei
5c7d5e	Huawei
5c7d7d	Technicolor
5c7dae	ZTE
5c80b6	Intel
5c836c	Ruckus
5c8382	Nokia
5c838f	Cisco
5c843c	Sony
5c8505	Huawei
5c865c	Samsung
5c8730	Apple
5c879c	Intel
5c899a	TP-Link
5c8b6b	Amazon
5c8d4e	Apple
5c8fe0	CommScope
5c9157	Huawei
5c9175	Apple
5c95ae	Apple
5c9666	Sony
5c969d	Apple
5c97f3	Apple
5c9960	Samsung
5c9977	Apple
5c9aa1	Huawei
5c9ba6	Apple
5ca39d	Samsung
5ca48a	Cisco
5ca4f4	ZTE
5ca5bc	Cisco
5ca62d	Cisco
5ca64f	TP-Link
5ca6e6	TP-Link
5ca86a	Huawei
5caafd	Sonos
5cac3d	Samsung
5cadba	Apple
5cadcf	Apple
5caf06	LG
5cb00a	Huawei
5cb066	CommScope
5cb12e	Cisco
5cb13e	Sagemcom
5cb26d	Intel
5cb395	Huawei
5cb43e	Huawei
5cb47e	Intel
5cb524	Sony
5cb8b7	Apple
5cba37	Microsoft
5cbbee	ZTE
5cbd9a	Huawei
5cc0a0	Huawei
5cc1d7	Samsung
5cc1f2	Huawei
5cc307	Huawei
5cc5d4	Intel
5cc787	Huawei
5cc9d3	Amazon
5cca1a	Microsoft
5ccb99	Samsung
5ccd5b	Intel
5ccf7f	Espressif
5cd06e	Xiaomi
5cd2e4	Intel
5cd33d	Samsung
5cd89e	Huawei
5cd998	D-Link
5cdb36	Calix
5cdc49	Samsung
5cdf89	Ruckus
5ce0c5	Intel
5ce176	Cisco
5ce28c	Zyxel
5ce30e	CommScope
5ce42a	Intel
5ce50c	Xiaomi
5ce747	Huawei
5ce7a0	Nokia
5ce883	Huawei
5ce8eb	Samsung
5ce91e	Apple
5ce931	TP-Link
5ceb52	ZTE
5cedf4	Samsung
5cf4ab	Zyxel
5cf5da	Apple
5cf6dc	Samsung
5cf7e6	Apple
5cf938	Apple
5cf96a	Huawei
5cfa25	Sagemcom
5cfc66	Cisco
5cffa9	ZTE
600194	Espressif
6001b1	Huawei
600308	Apple
6006e3	Apple
6007c4	OPPO
600810	Huawei
600f6b	Apple
60109e	Huawei
60123c	Huawei
601466	ZTE
60156f	TP-Link
60183a	Huawei
601888	ZTE
601971	CommScope
601d56	Extreme
601d91	Motorola
602101	OPPO
602232	Ubiquiti
6026aa	Cisco
60292b	TP-Link
602ad0	Cisco
602d74	Extreme
602e20	Huawei
602ed5	Apple
6030b3	Huawei
6030d4	Apple
603197	Zyxel
6032b1	TP-Link
60334b	Apple
6036dd	Intel
6038e0	Belkin
603a7c	TP-Link
603aaf	Samsung
603cee	LG
603d26	Technicolor
603d29	Huawei
603e5f	Apple
60452e	Intel
6045bd	Microsoft
6045cb	ASUS
6045cd	Sagemcom
604de1	Huawei
604f5b	Huawei
605355	Huawei
605375	Huawei
6055f9	Espressif
6056b1	Huawei
605718	Intel
60577d	Cisco
6057c8	Apple
605e4f	Huawei
605f8d	Cisco
605faa	Huawei
60634c	D-Link
606525	Apple
606720	Intel
60684e	Samsung
606944	Apple
606bb3	ZTE
606bbd	Samsung
606c63	Hitron
606c66	Intel
606ee8	Xiaomi
60706c	Google
6070c0	Apple
60735c	Cisco
6073bc	ZTE
60756c	LG
6077e2	Samsung
607ec9	Apple
607ecd	Huawei
607edd	Microsoft
607fcb	Samsung
608110	Apple
6081f9	Cisco
608246	Apple
608306	Huawei
608334	Huawei
608373	Apple
6083e7	TP-Link
608b0e	Apple
608c4a	Apple
608ce6	CommScope
608e08	Samsung
608f5c	Samsung
608fa4	Nokia
6091f3	vivo
609217	Apple
6092f5	CommScope
609316	Apple
609578	Samsung
6095bd	Apple
6096a4	Huawei
609849	Nokia
609ac1	Apple
609bb4	Huawei
60a10a	Samsung
60a2c6	Huawei
60a37d	Apple
60a3e3	TP-Link
60a44c	ASUS
60a4b7	TP-Link
60a4d0	Samsung
60a5e2	Intel
60a6c5	Huawei
60a751	Huawei
60a8fe	Nokia
60a954	Cisco
60aaef	Huawei
60ab67	Xiaomi
60af6d	Samsung
60b0e8	Huawei
60b4a2	Samsung
60b58d	AVM (FRITZ!Box)
60b76e	Google
60b9c0	Cisco
60bd83	Huawei
60beb5	Motorola
60bec4	Apple
60c397	Pace
60c547	Apple
60c5ad	Samsung
60c727	Amazon
60c78d	Juniper
60c9aa	Nokia
60ce41	Huawei
60cf84	ASUS
60d02c	Ruckus
60d039	Apple
60d0a9	Samsung
60d248	CommScope
60d4e9	OPPO
60d755	Huawei
60d8a4	Technicolor
60d9c7	Apple
60db98	Calix
60dd70	Apple
60dd8e	Intel
60de18	Apple
60de44	Huawei
60de94	Huawei
60def3	Huawei
60e327	TP-Link
60e32b	Intel
60e3ac	LG
60e5d8	ZTE
60e701	Huawei
60f18a	Huawei
60f262	Intel
60f419	Cisco
60f445	Apple
60f549	Apple
60f677	Intel
60f723	Xiaomi
60f81d	Apple
60fa9d	Huawei
60facd	Apple
60fb42	Apple
60fda6	Apple
60fe20	Pace
60fec5	Apple
60ff12	Samsung
6400f1	Cisco
6402cb	CommScope
64037f	Samsung
64078c	Huawei
6407f6	Samsung
640864	Cisco
640980	Xiaomi
640bd7	Apple
640c91	Apple
640d22	LG
640f28	Pace
6411a4	Motorola
641225	Cisco
641236	Technicolor
641269	CommScope
64136c	ZTE
6413ab	Huawei
641666	Google Nest
64168d	Cisco
6416f0	Huawei
6417cd	Samsung
6418df	Sagemcom
641b2f	Samsung
641b85	Technicolor
641cae	Samsung
641cb0	Samsung
64200c	Apple
642315	Huawei
642753	Huawei
642943	D-Link
6429ff	Huawei
642c0f	vivo
642cac	Huawei
642e41	Huawei
642f1c	Huawei
643135	Apple
6432a8	Intel
643aea	Cisco
643e0a	Huawei
643e8c	Huawei
6441e6	Apple
64447b	vivo
644842	Apple
64497d	Intel
644a7d	Intel
644c36	Intel
6451f4	Huawei
6453e0	Huawei
6455b1	CommScope
645601	TP-Link
6457ba	Intel
645a36	Apple
645aed	Apple
645d86	Intel
645df4	Samsung
645e10	Huawei
646140	Huawei
646306	Xiaomi
64644a	Xiaomi
64649b	Juniper
646624	Sagemcom
6466b3	TP-Link
6466d8	Samsung
6467cd	Huawei
646cb2	Samsung
646d2f	Apple
646d4e	Huawei
646d6c	Huawei
646e60	ZTE
646e97	TP-Link
646ee0	Intel
647002	TP-Link
647033	Apple
647520	ZTE
6476ba	Apple
64777d	Hitron
647791	Samsung
647924	Huawei
647999	Sagemcom
6479f0	Intel
647b1e	Sagemcom
647bce	Samsung
648099	Intel
648505	ZTE
648788	Juniper
64899a	LG
6489f1	Samsung
648f3e	Cisco
6490c1	Xiaomi
64956c	LG
649714	Cisco
649abe	Apple
649d38	Google
649e31	Xiaomi
649ef3	Cisco
64a0ac	Adtran
64a0e7	Cisco
64a198	Huawei
64a200	Xiaomi
64a28a	Huawei
64a2f9	OnePlus
64a3cb	Apple
64a5c3	Apple
64a651	Huawei
64ac2b	Juniper
64ace0	Samsung
64ae0c	Cisco
64b0a6	Apple
64b0e8	Huawei
64b310	Samsung
64b473	Xiaomi
64b5f2	Samsung
64b708	Espressif
64b853	Samsung
64b9e8	Apple
64baa4	ZTE
64bc0c	LG
64bc43	Huawei
64bc58	Intel
64bd6d	Apple
64bf6b	Huawei
64c269	Cisco
64c2de	LG
64c394	Huawei
64c3d6	Juniper
64c753	Apple
64c905	Apple
64cc2e	Xiaomi
64cdc2	Amazon
64d0d6	Samsung
64d154	MikroTik
64d2c4	Apple
64d4da	Intel
64d562	Huawei
64d69a	Intel
64d7c0	Huawei
64d814	Cisco
64d989	Cisco
64d9c2	Cisco
64daed	Cisco
64db38	ZTE
64dbf7	Nokia
64dd68	Zyxel
64dde9	Xiaomi
64de6d	Intel
64e4a5	LG
64e682	Apple
64e7d8	Samsung
64e833	Espressif
64e950	Cisco
64eb94	ZTE
64ec65	vivo
64ed57	CommScope
64f69d	Cisco
64f705	Huawei
64f81c	Huawei
64fa2b	Sagemcom
64fd96	Sagemcom
680489	Cisco
680571	Samsung
6805ca	Intel
680715	Intel
680927	Apple
680947	Espressif
681324	Huawei
6813f3	Amazon
681590	Sagemcom
681729	Intel
681a47	Apple
681ab2	ZTE
681bef	Huawei
68228e	Juniper
6822e5	Huawei
6825dd	Espressif
682737	Samsung
68275f	ZTE
68286c	Sony
682add	ZTE
682c7b	Cisco
682f67	Apple
683036	Apple
683045	Huawei
6833ee	CommScope
683421	Intel
6837e9	Amazon
683a1e	Cisco Meraki
683b78	Cisco
683e26	Intel
683ec0	Apple
684465	Apple
684571	Huawei
6845cc	Apple
684898	Samsung
684983	Huawei
684992	Cisco Meraki
684a5f	Apple
684a76	Cisco
684aae	Huawei
684ae9	Samsung
684c25	Huawei
684db6	Xiaomi
68545a	Intel
6854fd	Amazon
685acf	Samsung
685b35	Apple
685d43	Intel
685edd	Apple
68628a	vivo
686372	Huawei
68644b	Apple
686725	Espressif
6867c7	Sagemcom
686ce6	Microsoft
687161	Cisco
687251	Ubiquiti
6872c3	Samsung
68764f	Sony
687724	TP-Link
6877da	ZTE
687909	Cisco
687a64	Intel
687d6b	Samsung
687db4	Cisco
687f74	Cisco
687ff0	TP-Link
6881e0	Huawei
6883cb	Apple
6885a4	OPPO
6886a7	Cisco
68871c	Motorola
6887bd	ZTE
6887c6	Cisco
6889c1	Huawei
688af0	ZTE
688f2e	Hitron
688f84	Huawei
689234	Ruckus
689268	Motorola
68944a	ZTE
68951b	Huawei
68962e	Huawei
68967b	Apple
6899cd	Cisco
689a87	Amazon
689b43	Huawei
689c70	Apple
689ce2	Cisco
689e0b	Cisco
689e29	ZTE
689e6a	Huawei
689fd4	Amazon
689ff0	ZTE
68a03e	Huawei
68a0f6	Huawei
68a34f	Nokia
68a46a	Huawei
68a593	Apple
68a729	Apple
68a828	Huawei
68a86d	Apple
68ab09	Nokia
68ab1e	Apple
68aba9	Sagemcom
68abbc	Xiaomi
68ae20	Apple
68b5e3	Huawei
68b691	Amazon
68b6b3	Espressif
68b6fc	Hitron
68b8bb	Xiaomi
68bc0c	Cisco
68bdab	Cisco
68bfc4	Samsung
68c44c	Xiaomi
68c44d	Motorola
68c63a	Espressif
68c6ac	Intel
68cac4	Apple
68cae4	Cisco
68cc6e	Huawei
68ccae	Fortinet
68d40c	Amazon
68d79a	Ubiquiti
68d927	Huawei
68d93c	Apple
68d972	Cisco
68dbca	Apple
68dbf5	Amazon
68ddb7	TP-Link
68dfdd	Xiaomi
68dfe4	Samsung
68e209	Huawei
68e580	Apple
68e59e	Cisco
68e7c2	Samsung
68ebae	Samsung
68ecc5	Intel
68ed57	Juniper
68ee8f	Espressif
68ee96	Cisco
68ef43	Apple
68efbd	Cisco
68efdc	Apple
68f38e	Juniper
68f543	Huawei
68f63b	Amazon
68f7d8	Microsoft
68f90f	Intel
68fb7e	Apple
68fcb6	OPPO
68fcca	Samsung
68fde8	Ruckus
68fe71	Espressif
68fef7	Apple
68ff7b	TP-Link
6c006b	Samsung
6c0309	Cisco
6c0370	Extreme
6c03b5	Cisco
6c047a	Huawei
6c06d6	Huawei
6c0c9a	Amazon
6c0d34	Nokia
6c0dc4	Xiaomi
6c0e0d	Sony
6c11ba	ZTE
6c1270	Apple
6c13d5	Cisco
6c146e	Huawei
6c1544	Microsoft
6c1632	Huawei
6c198f	D-Link
6c19c0	Apple
6c1a75	Huawei
6c1d2c	Huawei
6c1ed7	vivo
6c1f8a	Apple
6c2056	Cisco
6c22f7	Nokia
6c23b9	Sony
6c2483	Microsoft
6c24a6	vivo
6c2636	Huawei
6c2779	Microsoft
6c2995	Intel
6c29d2	Cisco
6c2e85	Sagemcom
6c2f2c	Samsung
6c2f80	Intel
6c2f8a	Samsung
6c310e	Cisco
6c3491	Huawei
6c3aff	Apple
6c3b6b	MikroTik
6c3e6d	Apple
6c4008	Apple
6c40e8	vivo
6c410e	Cisco
6c416a	Cisco
6c41de	Huawei
6c442a	Huawei
6c45c4	Cisco
6c483f	Xiaomi
6c4a85	Apple
6c4cbc	TP-Link
6c4ce2	Intel
6c4d73	Apple
6c4ef6	Cisco
6c4f89	Zyxel
6c4fa1	Cisco
6c504d	Cisco
6c51bf	Huawei
6c51e4	Huawei
6c5563	Samsung
6c558d	Huawei
6c55b1	Amazon
6c55e8	Technicolor
6c55f6	Cisco
6c5697	Amazon
6c5779	Cisco
6c5ab0	TP-Link
6c5c14	OPPO
6c5d3a	Microsoft
6c5e3b	Cisco
6c6016	OnePlus
6c60d0	Huawei
6c6286	Nokia
6c62fe	Juniper
6c639c	CommScope
6c63f8	Ubiquiti
6c67ef	Huawei
6c688a	Amazon
6c6a77	Intel
6c6c0f	Huawei
6c6cd3	Cisco
6c709f	Apple
6c70cb	Samsung
6c710d	Cisco
6c71d2	Huawei
6c7220	D-Link
6c72e7	Apple
6c7637	Huawei
6c7742	ZTE
6c77f0	Huawei
6c78c1	Juniper
6c7db7	Cisco Meraki
6c7e67	Apple
6c7f0c	Cisco Meraki
6c7f49	Huawei
6c8243	Huawei
6c8336	Samsung
6c8814	Intel
6c8b2f	ZTE
6c8bd3	Cisco
6c8d77	Cisco
6c8dc1	Apple
6c8fb5	Microsoft
6c9188	Nokia
6c9466	Intel
6c94f8	Apple
6c96cf	Apple
6c976d	Motorola
6c98eb	Cisco
6c9961	Sagemcom
6c9989	Cisco
6c999d	Amazon
6c9b02	Nokia
6c9ced	Cisco
6ca100	Intel
6ca604	CommScope
6ca75f	ZTE
6ca780	Nokia
6caab3	Ruckus
6cab05	Cisco
6cab31	Apple
6cacc2	Samsung
6caee3	Nokia
6caef6	Cisco
6cb0ce	Netgear
6cb133	Apple
6cb158	TP-Link
6cb227	Sony
6cb2ae	Cisco
6cb456	Espressif
6cb4fd	Huawei
6cb749	Huawei
6cb7e2	Huawei
6cb7f4	Samsung
6cb881	ZTE
6cbab8	Sagemcom
6cbf2f	Cisco
6cc1d2	CommScope
6cc26b	Apple
6cc36a	vivo
6cc3b2	Cisco Meraki
6cc7ec	Samsung
6cc840	Espressif
6cca08	CommScope
6ccdd6	Netgear
6cd008	ZTE
6cd032	LG
6cd199	vivo
6cd1e5	Huawei
6cd2ba	ZTE
6cd63f	Huawei
6cd68a	LG
6cd6e3	Cisco
6cd704	Huawei
6cd71f	OPPO
6cd94c	vivo
6cdd30	Cisco
6cddbc	Samsung
6cdea9	Cisco Meraki
6ce5c9	Apple
6ce85c	Apple
6ce873	TP-Link
6ce874	Huawei
6ce907	Nokia
6cebb6	Huawei
6cefbd	Cisco Meraki
6cf373	Samsung
6cf6da	Intel
6cf712	Nokia
6cf784	Xiaomi
6cfa89	Cisco
6cfe54	Intel
6cffce	Sagemcom
7001b5	Cisco
70037e	Technicolor
70039f	Espressif
70041d	Espressif
700514	LG
700810	Intel
700971	Samsung
700b01	Sagemcom
700b4f	Cisco
700f6a	Cisco
70105c	Cisco
70110e	ZTE
701124	Apple
701301	Technicolor
701384	Apple
7014a6	Apple
7015fb	Intel
7018a7	Cisco
70192f	Huawei
701ab8	Intel
701ce7	Intel
701f3c	Samsung
701f53	Cisco
70217f	Xiaomi
7022fe	Apple
702526	Nokia
702605	Sony
70287d	Google
70288b	Samsung
702ad5	Samsung
702e22	ZTE
702f35	Huawei
70317f	Apple
703217	Intel
703509	Cisco
70357b	vivo
703a51	Xiaomi
703acb	Google
703c69	Apple
703eac	Apple
7040ff	Huawei
704698	Huawei
704777	Ruckus
7047e9	vivo
70480f	Apple
7049a2	Zyxel
704bca	Espressif
704ca2	Apple
704ca5	Fortinet
704d7b	ASUS
704e6b	Huawei
704ee0	Samsung
704f57	TP-Link
704fb8	CommScope
705425	CommScope
7054f5	Huawei
705681	Apple
7058a4	Actiontec
705a9e	Technicolor
705aac	Samsung
705fa3	Xiaomi
70617b	Cisco
7062b8	D-Link
7062cb	Apple
70662a	Sony
7066b9	Huawei
70695a	Cisco
706ac9	ZTE
706bb9	Cisco
706d15	Cisco
706e10	Huawei
706e6d	Cisco
70700d	Apple
707013	Huawei
70708b	Cisco
7070aa	Amazon
7070d5	Huawei
70723c	Huawei
7072fe	Apple
707362	Huawei
7073cb	Apple
707630	CommScope
70788b	vivo
707990	Huawei
7079b3	Cisco
707be8	Huawei
707ce3	Huawei
707da1	Sagemcom
707db9	Cisco
707e43	CommScope
708105	Cisco
7081eb	Apple
7085c6	CommScope
708a09	Huawei
708bcd	ASUS
708cb6	Huawei
708cf2	Apple
708d09	Nokia
708f47	vivo
7090b7	Huawei
7093c1	Cisco
709684	Apple
709751	Xiaomi
709ac4	Huawei
709c45	Huawei
709cd1	Intel
709e29	Sony
709f2d	ZTE
70a04b	Intel
70a2b3	Apple
70a6cc	Intel
70a741	Ubiquiti
70a8a5	Microsoft
70a8d3	Intel
70a8e3	Huawei
70a983	Cisco
70ad43	Amazon
70ae2a	Apple
70aed5	Apple
70af09	Espressif
70b13d	Samsung
70b14e	CommScope
70b258	Ruckus
70b306	Apple
70b317	Cisco
70b51a	Huawei
70b7aa	vivo
70b8f6	Espressif
70bb5b	Apple
70bbe9	Xiaomi
70bc10	Microsoft
70bc48	Cisco
70bd96	Cisco
70c288	Intel
70c7f2	Huawei
70c9c6	Cisco
70ca97	Ruckus
70ca9b	Cisco
70cd0d	Intel
70cd60	Apple
70ce8c	Samsung
70cf49	Intel
70d313	Huawei
70d379	Cisco
70d823	Intel
70d8c2	Intel
70d923	vivo
70da48	Cisco
70db98	Cisco
70dda8	OPPO
70ddef	Huawei
70dee2	Apple
70df2f	Cisco
70dff7	CommScope
70e422	Cisco
70e72c	Apple
70e997	Huawei
70ea1a	Cisco
70ea5a	Apple
70eba5	Huawei
70ece4	Apple
70ef00	Apple
70f087	Apple
70f096	Cisco
70f196	Actiontec
70f220	Actiontec
70f35a	Cisco
70f8ae	Microsoft
70f927	Samsung
70f94a	Apple
70fd45	Huawei
70fd46	Samsung
7400e8	Huawei
7404f1	Intel
7405a5	TP-Link
740ae1	Huawei
740cee	Huawei
740ea4	Apple
7411b2	Cisco
741213	Linksys
741348	Amazon
74136a	Motorola
7413ea	Intel
7414d0	Apple
741575	Xiaomi
7415f5	Apple
74190a	Samsung
741bb2	Apple
741eb1	Samsung
7422bb	Huawei
742344	Xiaomi
74238d	ZTE
742435	Huawei
7426ac	Cisco
7426ff	ZTE
742869	Huawei
742917	Apple
742959	Apple
742972	Juniper
743174	Apple
74317e	Ruckus
743357	vivo
7433e9	ZTE
74342b	Huawei
743822	Xiaomi
743989	TP-Link
743af4	Intel
743c24	Huawei
743e2b	Ruckus
743f8e	Apple
744218	Apple
74427f	AVM (FRITZ!Box)
74428b	Apple
744401	Netgear
74452d	Huawei
74458a	Samsung
744aa4	ZTE
744d28	MikroTik
744d6d	Huawei
744dbd	Espressif
7450cd	Huawei
7451ba	Xiaomi
74547d	Cisco
745612	CommScope
7458f3	Amazon
745909	Huawei
745aaa	Huawei
745f00	Samsung
7460fa	Huawei
7463c2	Huawei
74650c	Apple
7467f7	Extreme
746dfa	Samsung
746f88	ZTE
747069	Huawei
7470fd	Intel
74718b	Apple
74721e	Cisco
7473b4	Apple
747446	Google
747548	Amazon
74761f	Microsoft
747786	Apple
7478a6	Fortinet
747e2d	Technicolor
748114	Apple
7483c2	Ubiquiti
74860b	Cisco
748669	OPPO
74866f	ZTE
74872e	Huawei
74882a	Huawei
7488bb	Cisco
748a0d	CommScope
748d08	Apple
748daa	Huawei
748f3c	Apple
748fbf	OPPO
748fc2	Cisco
74911a	Ruckus
749781	ZTE
749b89	Huawei
749be8	Hitron
749d8f	Huawei
749ddc	Pace
749eaf	Apple
749ef5	Samsung
74a02f	Cisco
74a063	Huawei
74a2e6	Cisco
74a528	Huawei
74a6cd	Apple
74a722	LG
74a78e	ZTE
74a7ea	Amazon
74a981	Huawei
74ab93	Amazon
74acb9	Ubiquiti
74ad98	Cisco
74b059	Motorola
74b57e	ZTE
74b587	Apple
74b6b6	Cisco
74b725	Huawei
74b80f	Cisco
74b8a8	Huawei
74bef3	Motorola
74c14f	Huawei
74c17e	LG
74c246	Amazon
74c412	Microsoft
74c530	vivo
74c99a	Ericsson
74ca60	Sonos
74cc40	Apple
74d02b	ASUS
74d0dc	Ericsson
74d21d	Huawei
74d423	Amazon
74d558	OPPO
74d637	Amazon
74d6e5	Huawei
74d809	Microsoft
74d83e	Intel
74da38	Edimax
74da88	TP-Link
74dada	D-Link
74e147	OPPO
74e1b6	Apple
74e20c	Amazon
74e28c	Microsoft
74e2e7	Cisco
74e2f5	Apple
74e50b	Intel
74e5f9	Intel
74e6b8	LG
74e798	Juniper
74e7c6	CommScope
74e987	Apple
74e9bf	Huawei
74ea3a	TP-Link
74eae8	CommScope
74eb80	Samsung
74ecb2	Amazon
74ef4b	OPPO
74f2fa	Xiaomi
74f441	Samsung
74f612	CommScope
74f67a	Samsung
74f90f	Huawei
74f92c	Ubiquiti
74fa29	Ubiquiti
74fc77	Huawei
74fece	TP-Link
78009e	Samsung
78028b	Apple
7802b1	Cisco
7802f8	Xiaomi
78034f	Nokia
7804e3	Huawei
7806c9	Huawei
78078f	Huawei
78084d	Huawei
780cb8	Intel
780cf0	Cisco
780f81	Cisco Meraki
78119d	Cisco
7811dc	Xiaomi
781699	Huawei
781735	Nokia
7817be	Huawei
7818a8	Huawei
7818ec	Fortinet
7819f7	Juniper
781c3c	Espressif
781d4a	ZTE
781dba	Huawei
781f7c	Nokia
781fdb	Samsung
782051	TP-Link
782184	Espressif
782327	Samsung
7823ae	CommScope
7824af	ASUS
7824be	Cisco
782599	Huawei
7825ad	Samsung
7826a6	ZTE
7828ca	Sonos
782b46	Intel
782b60	Huawei
782dad	Huawei
782eef	Nokia
78305d	ZTE
78312b	ZTE
7831c1	Apple
78321b	D-Link
7833c6	Samsung
783409	Huawei
783486	Nokia
7834b4	Huawei
7834fd	vivo
7836cc	OPPO
783716	Samsung
783a84	Apple
783ea1	Nokia
783f4d	Apple
7840e4	Samsung
78421c	Espressif
7844fd	TP-Link
784558	Ubiquiti
7845b3	Huawei
7845dc	Huawei
7846d4	Samsung
78471d	Samsung
784f43	Apple
784f9b	Juniper
78507c	Juniper
78521a	Samsung
785237	ZTE
785333	Xiaomi
78542e	D-Link
785773	Huawei
785860	Huawei
78595e	Samsung
785b64	Huawei
785c5e	Huawei
785dc8	LG
785ecc	Apple
78605b	TP-Link
786089	Samsung
786256	Huawei
7864a0	Cisco
7864c0	Apple
786559	Sagemcom
7867d7	Apple
786829	Cisco
786a1f	CommScope
786a89	Huawei
786c1c	Apple
786c84	Amazon
786cab	OPPO
78719c	CommScope
78725d	Cisco
78753e	Apple
787689	Cisco
787826	Huawei
787984	Apple
787b8a	Apple
787d53	Extreme
787e42	ZTE
787e61	Apple
788371	Huawei
78843c	Sony
788517	Cisco
7885f4	Huawei
78862e	Microsoft
78886d	Apple
788a20	Ubiquiti
788cb5	TP-Link
788daf	Sagemcom
788df7	Hitron
7890a2	ZTE
78923e	Nokia
78929c	Intel
78960d	Apple
78966e	Huawei
789682	ZTE
789684	CommScope
7896a3	Extreme
7898e8	D-Link
789987	Xiaomi
789a18	MikroTik
789c85	Cisco
789ed0	Samsung
789f6a	Ruckus
789f70	Apple
789faa	Huawei
78a03f	Amazon
78a106	TP-Link
78a3e4	Apple
78a7c7	Apple
78a873	Samsung
78abbb	Samsung
78af08	Intel
78b46a	Huawei
78b554	Huawei
78b6fe	Samsung
78baf9	Cisco
78bb5c	Nokia
78bc1a	Cisco
78bdbc	Samsung
78c11d	Samsung
78c1a7	ZTE
78c213	Sagemcom
78c3e9	Samsung
78c57d	Zyxel
78c5f8	Huawei
78c881	Sony
78c884	Huawei
78ca04	Nokia
78ca39	Apple
78cf2f	Huawei
78cff9	Huawei
78d162	Apple
78d294	Netgear
78d347	Ericsson
78d6d6	Cisco
78d6f0	Samsung
78d752	Huawei
78d75f	Apple
78d840	Xiaomi
78da6e	Cisco
78daaf	Huawei
78dc87	Huawei
78dd33	Huawei
78e0c5	Samsung
78e103	Amazon
78e22c	Huawei
78e36d	Espressif
78e3de	Apple
78e8b6	ZTE
78e9cf	Amazon
78eb46	Huawei
78edbc	OnePlus
78ee4c	Espressif
78f09b	Huawei
78f1c6	Cisco
78f238	Samsung
78f557	Huawei
78f5fd	Huawei
78f7be	Samsung
78f882	LG
78f9b4	Nokia
78fbd8	Apple
78fd94	Apple
78fe3d	Juniper
78ff57	Intel
7c004d	Huawei
7c0191	Apple
7c034c	Sagemcom
7c035e	Xiaomi
7c03ab	Xiaomi
7c03d8	Sagemcom
7c04d0	Apple
7c0a3f	Samsung
7c0bc6	Samsung
7c0c5f	Espressif
7c0cfa	Huawei
7c0ece	Cisco
7c10c9	ASUS
7c11be	Apple
7c11cb	Huawei
7c162a	Huawei
7c1689	Sagemcom
7c1ac0	Huawei
7c1b93	Huawei
7c1c68	Samsung
7c1cf1	Huawei
7c1dd9	Xiaomi
7c1e52	Microsoft
7c210d	Cisco
7c210e	Cisco
7c214a	Intel
7c2302	Samsung
7c2499	Apple
7c2586	Juniper
7c2634	CommScope
7c2664	Sagemcom
7c296f	Apple
7c2a31	Intel
7c2aca	Apple
7c2adb	Xiaomi
7c2c67	Espressif
7c2ebd	Google
7c2edd	Samsung
7c310e	Cisco
7c33f9	Huawei
7c3626	Huawei
7c38ad	Samsung
7c3953	ZTE
7c3985	Huawei
7c3b2d	Apple
7c3d2b	Huawei
7c3e74	Huawei
7c41a2	Nokia
7c49cf	Cisco
7c49eb	Xiaomi
7c4b26	Apple
7c4fad	Espressif
7c4fcd	Apple
7c5049	Apple
7c5079	Intel
7c5cf8	Intel
7c5e98	Cisco
7c6097	Huawei
7c60db	ZTE
7c6130	Apple
7c6166	Amazon
7c62e7	Cisco
7c6305	Amazon
7c6456	Samsung
7c646c	LG
7c669a	Huawei
7c67a2	Intel
7c68b9	Huawei
7c692b	Huawei
7c69f6	Cisco
7c6b9c	OPPO
7c6d12	Microsoft
7c6d62	Apple
7c6df8	Apple
7c70db	Intel
7c726e	Ericsson
7c7398	Espressif
7c73eb	Huawei
7c752d	Samsung
7c7635	Intel
7c7668	Huawei
7c7716	Zyxel
7c787e	Samsung
7c7a91	Intel
7c7b1c	Motorola
7c7bbf	Samsung
7c7d21	ZTE
7c7d3d	Huawei
7c7ef9	Cisco
7c852f	Huawei
7c8530	Nokia
7c8767	Cisco
7c87ce	Espressif
7c8931	Huawei
7c8956	Samsung
7c8bb5	Samsung
7c8bca	TP-Link
7c90e9	OPPO
7c9122	Samsung
7c942a	Huawei
7c95b1	Extreme
7c95f3	Cisco
7c97e1	Huawei
7c9824	Sagemcom
7c9a1d	Apple
7c9a54	Technicolor
7c9ebd	Espressif
7ca05e	Motorola
7ca177	Huawei
7ca1ae	Apple
7ca23e	Huawei
7ca449	Xiaomi
7ca4f7	Extreme
7ca53e	Motorola
7cab60	Apple
7cad4f	Cisco
7cad74	Cisco
7caf77	Nokia
7cb0c2	Intel
7cb15d	Huawei
7cb21b	Cisco
7cb27d	Intel
7cb30a	ZTE
7cb353	Cisco
7cb566	Intel
7cb59b	TP-Link
7cb59f	Huawei
7cbfb1	CommScope
7cc06f	Apple
7cc0aa	Microsoft
7cc178	Ericsson
7cc180	Apple
7cc225	Samsung
7cc294	Xiaomi
7cc2c6	TP-Link
7cc385	Huawei
7cc3a1	Apple
7cc518	vivo
7cc537	Apple
7cc882	Huawei
7cc8df	Apple
7cccb8	Intel
7cd1ad	Apple
7cd1c3	Apple
7cd2da	Apple
7cd3e5	Huawei
7cd4a8	Sagemcom
7cd566	Amazon
7cd62c	Apple
7cd661	Xiaomi
7cd95c	Google
7cd9a0	Huawei
7cdc73	Huawei
7cdfa1	Espressif
7ce2ca	Juniper
7ce53f	Huawei
7ce87f	Sagemcom
7ce8b1	Espressif
7cecb1	Apple
7ced8d	Microsoft
7cedc6	Amazon
7cf05f	Apple
7cf0e5	OnePlus
7cf17e	TP-Link
7cf31b	LG
7cf34d	Apple
7cf854	Samsung
7cf880	Cisco
7cf90e	Samsung
7cfadf	Apple
7cfc16	Apple
7cfd6b	Xiaomi
7cff4d	AVM (FRITZ!Box)
80000b	Intel
80006e	Apple
800384	Ruckus
80045f	Apple
800518	Huawei
8006d9	ZTE
800794	Samsung
800c67	Apple
800cf9	Amazon
800d3f	Samsung
801242	Apple
801316	Intel
801382	Huawei
8013be	Juniper
8018a7	Samsung
801934	Intel
801970	Samsung
801d39	Apple
801f02	Edimax
8020da	Sagemcom
8020fd	Samsung
802395	AVM (FRITZ!Box)
80248f	Cisco
802689	D-Link
80276c	Cisco
802994	Technicolor
802aa8	Ubiquiti
802d1a	ZTE
802dbf	Cisco
802ec3	Huawei
802ede	Huawei
8031f0	Samsung
803253	Intel
8035c1	Xiaomi
803773	Netgear
8038bc	Huawei
8038fb	Intel
80398c	Samsung
803c04	TP-Link
803c20	Huawei
804126	Huawei
80433f	Juniper
80456b	Espressif
8045dd	Intel
804715	Apple
804786	Samsung
804971	Apple
804a14	Apple
804af2	Sonos
804e70	Samsung
804e81	Samsung
80501b	Nokia
80542d	Samsung
80549c	Samsung
8054d9	Huawei
8054e3	Apple
805719	Samsung
8058f8	Motorola
805a04	LG
805a70	Fortinet
805fc5	Apple
806036	Huawei
806132	Cisco
80646f	Espressif
80656d	Samsung
80657c	Apple
806599	Espressif
80691a	Belkin
806933	Huawei
806a00	Cisco
806c1b	Motorola
806d71	Amazon
806f1c	Huawei
80711f	Juniper
80717a	Huawei
807264	Huawei
8075bf	Samsung
807b3e	Samsung
807c0a	ZTE
807d14	Huawei
807d3a	Espressif
807ff8	Juniper
80802c	Fortinet
808223	Apple
8083f6	Apple
808489	Intel
8086d9	Samsung
8086f2	Intel
808800	ZTE
808917	TP-Link
808a8b	vivo
808abd	Samsung
808f1d	TP-Link
808f97	Xiaomi
80929f	Apple
80953a	Apple
809562	Extreme
809698	Apple
8096b1	CommScope
8099e7	Sony
809b20	Intel
809fe4	Tenda
809ff5	Samsung
80a63c	Amazon
80a796	Cisco
80a85d	Cisco
80a997	Apple
80ab4d	Nokia
80acac	Juniper
80ad16	Xiaomi
80ae54	TP-Link
80af19	Apple
80af9f	Cisco
80b03d	Apple
80b07b	ZTE
80b234	Technicolor
80b54e	Espressif
80b575	Huawei
80b655	Intel
80b686	Huawei
80b946	Nokia
80b97a	Cisco
80b989	Apple
80bc37	Ruckus
80be05	Apple
80bf21	vivo
80c01e	Intel
80c5e6	Microsoft
80c6ab	Technicolor
80cc12	Huawei
80cc9c	Netgear
80ceb9	Samsung
80cfa2	Huawei
80d04a	Technicolor
80d09b	Huawei
80d1ce	Apple
80d4a5	Huawei
80d605	Apple
80da13	Cisco
80dac2	Technicolor
80db17	Juniper
80e01d	Cisco
80e1bf	Huawei
80e4ba	Intel
80e540	CommScope
80e63c	Xiaomi
80e650	Apple
80e86f	Cisco
80e8a4	ZTE
80ea07	TP-Link
80ea0b	Zyxel
80ea96	Apple
80ed2c	Apple
80f0cf	Ruckus
80f1a4	Huawei
80f1b2	Espressif
80f3da	Espressif
80f503	CommScope
80fb06	Huawei
8400d2	Sony
840328	Juniper
840511	Apple
84083a	Intel
840b2d	Samsung
840b7c	Hitron
840c6d	Cisco
840d8e	Espressif
840f4c	Apple
84100d	Motorola
84119e	Samsung
84139f	ZTE
84144d	Intel
8415d3	Huawei
841623	ZTE
8416f9	TP-Link
8417ef	Technicolor
84183a	Ruckus
841888	Juniper
841985	Samsung
841b5e	Netgear
841b77	Intel
841c70	ZTE
841ea3	Sagemcom
841fe8	Espressif
8421f1	Huawei
842289	Samsung
842388	Ruckus
842519	Samsung
8425db	Samsung
84262b	Nokia
842859	Amazon
842999	Apple
842e27	Samsung
842f57	Apple
8437d5	Samsung
843835	Apple
843838	Samsung
84398f	Fortinet
8439fc	Nokia
843a4b	Intel
843c99	ZTE
843dc6	Cisco
843e03	Sagemcom
843e92	Huawei
844167	Apple
844693	Xiaomi
8446fe	Huawei
844765	Huawei
844880	Amazon
844d4c	Adtran
845075	Huawei
845181	Samsung
845234	Juniper
8454df	Huawei
8455a5	Samsung
845733	Microsoft
845a3e	Cisco
845b12	Huawei
845cf3	Intel
845f04	Samsung
8461a0	CommScope
8463d6	Microsoft
8464dd	Huawei
84683e	Intel
846878	Apple
846991	Nokia
846ebc	Nokia
846fce	OPPO
8470d7	Cisco
84716a	Huawei
84742a	ZTE
847460	ZTE
847637	Huawei
847848	Ubiquiti
84788b	Apple
8478ac	Cisco
847b57	Intel
847cee	Cisco
84802d	Cisco
848094	Cisco
848506	Apple
8488e1	Apple
8489ad	Apple
848a8d	Cisco
848c8d	Apple
848dc7	Cisco
848e0c	Apple
848edf	Sony
849265	Intel
8492e5	Huawei
8493a0	Huawei
8493b2	ZTE
849437	Apple
84948c	Hitron
8496d8	CommScope
849866	Samsung
849fb5	Huawei
84a06e	Sagemcom
84a134	Apple
84a1d1	Sagemcom
84a423	Sagemcom
84a466	Samsung
84a6c8	Intel
84a824	Google
84a8e4	Huawei
84a9c4	Huawei
84ab1a	Apple
84ac16	Apple
84ad58	Huawei
84ad8d	Apple
84aede	Xiaomi
84b153	Apple
84b1e2	Microsoft
84b1e4	Apple
84b261	Cisco
84b517	Cisco
84b541	Samsung
84b59c	Juniper
84b802	Cisco
84b890	TP-Link
84bb69	CommScope
84be52	Huawei
84c0ef	Samsung
84c1c1	Juniper
84c5a6	Intel
84c7ea	Sony
84c9b2	D-Link
84cc63	Huawei
84cca8	Espressif
84d1c1	Intel
84d328	Apple
84d343	Calix
84d3d5	Huawei
84d6d0	Amazon
84d7de	Huawei
84d81b	TP-Link
84d9e0	Cisco
84dba4	Huawei
84dbac	Huawei
84dbfc	Nokia
84dd84	Cisco
84e058	CommScope
84e657	Sony
84e892	Actiontec
84e986	Huawei
84ebef	Cisco
84ee7f	Huawei
84eee4	Samsung
84ef18	Intel
84f147	Cisco
84f2c1	ZTE
84f3eb	Espressif
84f5eb	ZTE
84f703	Espressif
84fcac	Apple
84fce6	Espressif
84fcfe	Apple
84fdd1	Intel
84fe40	Huawei
84ffc2	Cisco
8803e9	OPPO
88074b	LG
880aa3	Juniper
880fa2	Sagemcom
88108f	Huawei
881196	Huawei
8813bf	Espressif
881544	Cisco Meraki
881566	Huawei
8815c5	Huawei
8818f1	Nokia
881908	Apple
881dfc	Cisco
881e5a	Apple
881fa1	Apple
88200d	Apple
882593	TP-Link
8828b3	Huawei
8828fb	Juniper
88299c	Samsung
8829bf	Amazon
882f92	Xiaomi
883037	Juniper
88329b	Samsung
88365f	LG
8836cf	Huawei
883d24	Google
883f27	Huawei
883fd3	Huawei
884033	Huawei
88403b	Huawei
8841c1	Amazon
8843e1	Cisco
884477	Huawei
8844f6	Nokia
884604	Xiaomi
884d7c	Apple
884f59	Cisco
8851f2	Apple
8852eb	Xiaomi
88532e	Intel
885395	Apple
8853d4	Huawei
88541f	Google
88548e	vivo
8856a6	Espressif
885721	Espressif
885a06	OPPO
885a92	Cisco
885bdd	Extreme
885dfb	ZTE
885e54	Samsung
8863c5	Huawei
8863df	Apple
886440	Apple
886639	Huawei
88665a	Apple
8866a5	Apple
886746	Cisco
8867dc	Huawei
88684b	OPPO
88693d	Huawei
886ab1	vivo
886b6e	Apple
886bdb	Apple
886c60	Xiaomi
886d2d	Huawei
886eeb	Huawei
887015	Apple
8871b1	CommScope
8871e5	Amazon
887477	Huawei
887556	Cisco
887598	Samsung
8876b9	D-Link
887873	Intel
88797e	Motorola
887abc	Cisco
887b2c	ZTE
887e25	Extreme
887e9b	Apple
887fd5	ZTE
8881b9	Huawei
888322	Samsung
888603	Huawei
88892f	Huawei
888e68	Huawei
888fa4	Huawei
889009	Juniper
88908d	Cisco
88964e	CommScope
889986	TP-Link
889b39	Samsung
889cad	Cisco
889e68	Technicolor
889e96	ZTE
889f6f	Samsung
88a0be	Huawei
88a25e	Juniper
88a2d7	Huawei
88a303	Samsung
88a479	Apple
88a6c6	Sagemcom
88a9b7	Apple
88acc0	Zyxel
88add2	Samsung
88ae07	Apple
88b111	Intel
88b291	Apple
88b362	Nokia
88b4a6	Motorola
88b4be	Huawei
88b7eb	Apple
88b945	Apple
88b951	Xiaomi
88bcc1	Huawei
88bd45	Samsung
88bfe4	Huawei
88c08b	Apple
88c174	ZTE
88c227	Huawei
88c344	Google
88c397	Xiaomi
88c663	Apple
88c6e8	Huawei
88c78f	ZTE
88c9d0	LG
88c9e8	Sony
88cb87	Apple
88ce3f	Huawei
88cefa	Huawei
88cf98	Huawei
88d274	ZTE
88d50c	OPPO
88d546	Apple
88d7f6	ASUS
88d82e	Intel
88d98f	Juniper
88da04	Huawei
88da36	Calix
88ddb8	Huawei
88e056	Huawei
88e0f3	Juniper
88e3ab	Huawei
88e64b	Juniper
88e87f	Apple
88e9fe	Apple
88ef16	CommScope
88f031	Cisco
88f077	Cisco
88f155	Espressif
88f3d5	Zyxel
88f4da	Intel
88f56e	Huawei
88f6dc	Huawei
88f7bf	vivo
88f7c7	Technicolor
88f872	Huawei
88fc5d	Cisco
8c006d	Apple
8c04ff	Technicolor
8c0528	Tenda
8c0572	Huawei
8c08aa	Apple
8c09f4	CommScope
8c0c87	Nokia
8c0c90	Ruckus
8c0d76	Huawei
8c0ee3	OPPO
8c0fc9	Huawei
8c10d4	Sagemcom
8c142a	Cisco
8c14b4	ZTE
8c15c7	Huawei
8c1759	Intel
8c17b6	Huawei
8c1801	ZTE
8c1952	Amazon
8c1abf	Samsung
8c1d96	Intel
8c1e80	Cisco
8c20f1	Cisco
8c210a	TP-Link
8c2505	Huawei
8c26aa	Apple
8c2937	Apple
8c2a85	Amazon
8c2daa	Apple
8c2e72	Samsung
8c3066	Ubiquiti
8c3396	Apple
8c3401	OPPO
8c3446	Huawei
8c34fd	Huawei
8c3ae3	LG
8c3bad	Netgear
8c426d	Huawei
8c44a5	Cisco
8c44bb	Tenda
8c497a	Extreme
8c49b6	vivo
8c4b14	Espressif
8c4e46	Motorola
8c4ebb	Amazon
8c4f00	Espressif
8c53c3	Xiaomi
8c554a	Intel
8c5646	LG
8c5877	Apple
8c5973	Zyxel
8c5a25	CommScope
8c5ac1	Huawei
8c5af8	Xiaomi
8c5bf0	CommScope
8c5c20	Technicolor
8c5ebd	Huawei
8c604f	Cisco
8c61a3	CommScope
8c6422	Sony
8c64a2	OnePlus
8c6794	vivo
8c683a	Huawei
8c68c8	ZTE
8c6a3b	Samsung
8c6a8d	Technicolor
8c6bdb	Huawei
8c6d77	Huawei
8c705a	Intel
8c71f8	Samsung
8c763f	CommScope
8c7712	Samsung
8c7967	ZTE
8c79f5	Samsung
8c7a00	Nokia
8c7a15	Ruckus
8c7a3d	Xiaomi
8c7aaa	Apple
8c7b9d	Apple
8c7c92	Apple
8c7f3b	CommScope
8c8283	Apple
8c83df	Nokia
8c83e1	Samsung
8c83e8	Huawei
8c8442	Cisco
8c8590	Apple
8c861e	Apple
8c862a	Huawei
8c86dd	TP-Link
8c8881	Cisco Meraki
8c8acd	Huawei
8c8c29	Espressif
8c8d28	Intel
8c8e0d	ZTE
8c8ef2	Apple
8c8fe9	Apple
8c902d	TP-Link
8c90d3	Nokia
8c91a4	Apple
8c941f	Cisco
8c9461	Cisco
8c94df	Espressif
8c986b	Apple
8c9885	Samsung
8c9a8f	Sagemcom
8ca3ec	Samsung
8ca5cf	Huawei
8ca6df	TP-Link
8ca96d	Huawei
8ca982	Intel
8caab5	Espressif
8caace	Xiaomi
8cb0e9	Samsung
8cb50e	Cisco
8cb64f	Cisco
8cb84a	Samsung
8cb87e	Intel
8cbebe	Xiaomi
8cbfa6	Samsung
8cbfea	Espressif
8cc5b4	Sagemcom
8cc5d0	Samsung
8cc681	Intel
8cc8cd	Samsung
8cc9e9	Huawei
8cce4e	Espressif
8cd0b2	Xiaomi
8cd1a6	Cisco
8cd628	Cisco
8cd9d6	Xiaomi
8cdc02	ZTE
8cdd0b	Cisco
8cdee6	Samsung
8cdef9	Xiaomi
8cdf2c	vivo
8ce042	vivo
8ce081	ZTE
8ce117	ZTE
8ce5c0	Samsung
8ce5ef	Huawei
8ce9ee	Intel
8cea48	Samsung
8cebc6	Huawei
8cec7b	Apple
8cede1	Ubiquiti
8ceefd	ZTE
8cf112	Motorola
8cf5a3	Samsung
8cf773	Nokia
8cf8c5	Intel
8cfaba	Apple
8cfadd	Huawei
8cfd18	Huawei
8cfd49	Espressif
8cfdde	Sagemcom
8cfe57	Apple
8cfe74	Ruckus
9000db	Samsung
900117	Huawei
90013b	Sagemcom
900325	Huawei
900628	Samsung
9006db	Huawei
9009d0	Synology
9009df	Intel
900a48	Samsung
900a62	Amazon
900cc8	Google
900dcb	CommScope
900e84	Cisco
901057	Intel
901195	Amazon
9014af	Cambium
901506	Espressif
9016ba	Huawei
90173f	Huawei
9017ac	Huawei
9017c8	Huawei
90187c	Samsung
901aca	CommScope
901d27	ZTE
9020d7	Microsoft
90235b	Amazon
9025f2	Huawei
9027e4	Apple
902aee	Xiaomi
902bd2	Huawei
902c09	Apple
902e1c	Intel
9035a2	Apple
903809	Ericsson
90380c	Espressif
90395f	Amazon
903a72	Ruckus
903aa0	Nokia
903c92	Apple
903eab	CommScope
903fc3	Huawei
903fea	Huawei
9041b2	Ubiquiti
904748	Sony
9047c2	Intel
9049fa	Intel
904c02	vivo
904cc5	Apple
904d4a	Sagemcom
904de2	Apple
904e2b	Huawei
9050ca	Hitron
9055ae	Ericsson
905671	Cisco
905851	Technicolor
905e44	Huawei
905f7a	Apple
9060f1	Apple
9061ae	Intel
90623f	Apple
90633b	Samsung
90649b	Espressif
9064ad	Huawei
906584	Intel
90671c	Huawei
9068c3	Motorola
906aeb	Microsoft
906cac	Fortinet
906d62	Cambium
907069	Espressif
907240	Apple
907282	Sagemcom
90735a	Motorola
9075bc	Nokia
9077ee	Cisco
907841	Intel
9078b2	Xiaomi
9079cf	ZTE
907e43	ZTE
90808f	Huawei
90812a	Apple
908158	Apple
908175	Samsung
90840d	Apple
90869b	ZTE
908855	Cisco
908a80	Cisco
908c43	Apple
908d6c	Apple
908d78	D-Link
90935a	CommScope
909497	Huawei
9094e4	D-Link
909507	Huawei
9097d5	Espressif
9097f3	Samsung
909838	Huawei
909a4a	TP-Link
909b6f	Apple
909c4a	Apple
909d7d	CommScope
909f22	Zyxel
90a25b	Apple
90a57d	Huawei
90a5af	Huawei
90a822	Amazon
90aac3	Hitron
90ac6d	Apple
90adf7	vivo
90ae1b	TP-Link
90b021	Intel
90b0ed	Apple
90b134	CommScope
90b144	Samsung
90b176	Intel
90b21f	Apple
90b622	Samsung
90b790	Apple
90b832	Extreme
90b8d0	Cisco
90b931	Apple
90b942	ZTE
90b9f9	Motorola
90ba09	Huawei
90c115	Sony
90c119	Nokia
90c1c6	Apple
90c54a	vivo
90c710	ZTE
90c792	CommScope
90c7d8	ZTE
90cafa	Google
90cc7a	Huawei
90ccdf	Intel
90cde8	Apple
90cf15	Nokia
90d20b	Nokia
90d432	ZTE
90d473	vivo
90d733	Huawei
90d8f3	ZTE
90da72	Espressif
90dd5d	Apple
90e17b	Apple
90e2ba	Intel
90e5b1	Espressif
90e6ba	ASUS
90e95e	Cisco
90eb50	Cisco
90ece3	Nokia
90ecea	Apple
90eec7	Samsung
90ef68	Zyxel
90f04c	Nokia
90f1aa	Samsung
90f644	Huawei
90f652	TP-Link
90f82e	Amazon
90f970	Huawei
90f9b7	Huawei
90fb5d	Xiaomi
90fd61	Apple
90fd73	ZTE
940070	Nokia
9400b0	Huawei
9401c2	Samsung
94049c	Huawei
9404e3	Technicolor
9408c7	Huawei
940b19	Huawei
940b83	ZTE
940bcd	Apple
940c6d	TP-Link
940c98	Apple
940d4b	Cisco
940e6b	Huawei
940ee7	Huawei
94103e	Belkin
94147a	vivo
9415b2	Huawei
941625	Apple
941700	Xiaomi
941787	Nokia
941865	Netgear
941c56	Actiontec
942053	Nokia
942157	Apple
942453	Huawei
942533	Huawei
94261d	Huawei
94270e	Intel
94286f	ZTE
942a6f	Ubiquiti
942b68	Apple
942ddc	Samsung
9431cb	vivo
9433d8	Cisco
94350a	Samsung
943589	Huawei
9437f7	Huawei
94390e	Intel
943a91	Amazon
943af0	Nokia
943b22	Netgear
943c96	Sagemcom
943cc6	Espressif
943fd6	Apple
9440f3	Huawei
944452	Belkin
944560	Google
944667	Cisco
944788	Huawei
944fdb	Nokia
945103	Samsung
9451dc	Espressif
945244	Samsung
9453ff	Intel
9454c5	Espressif
9454ce	OPPO
945915	Amazon
945aea	Huawei
945afc	Amazon
945c9a	Apple
946010	Huawei
946269	CommScope
94626d	Xiaomi
946372	vivo
9463d1	Samsung
94652d	OnePlus
94659c	Intel
946a77	Technicolor
946a7c	OnePlus
94742e	Mercusys
9476b7	Samsung
94772b	Huawei
947af4	Huawei
947bae	Xiaomi
947be7	Samsung
947d77	Huawei
94877c	CommScope
9487e0	Xiaomi
948978	Apple
948b93	Xiaomi
948bc1	Samsung
948fcf	CommScope
949010	Huawei
949426	Apple
94944a	Cisco
9495a0	Google
9497ae	OPPO
949869	ZTE
94988f	Sagemcom
949aa9	Microsoft
949b2c	Extreme
949cbe	Huawei
949d57	Amazon
949f3e	Sonos
949f8b	ZTE
94a07d	Huawei
94a25d	Huawei
94a4f9	Huawei
94a67e	Netgear
94a7b7	ZTE
94a990	Espressif
94aa07	Nokia
94abfe	Nokia
94ad23	Apple
94aef0	Cisco
94b01f	Apple
94b10a	Samsung
94b271	Huawei
94b34f	Ruckus
94b555	Espressif
94b609	Intel
94b819	Nokia
94b86d	Intel
94b97e	Espressif
94bf2d	Apple
94bf80	ZTE
94bf94	Juniper
94bfc4	Ruckus
94c150	Pace
94cbcd	ZTE
94ccb9	CommScope
94cdfd	Cisco
94ce0f	Huawei
94ce2c	Sony
94cfb0	Huawei
94d00d	Huawei
94d029	OPPO
94d2bc	Huawei
94d331	Xiaomi
94d469	Cisco
94d54d	Huawei
94d771	Samsung
94d9b3	TP-Link
94db56	Sony
94dbda	Huawei
94df34	Huawei
94e129	Samsung
94e23c	Intel
94e300	Huawei
94e3ee	ZTE
94e4ba	Huawei
94e686	Espressif
94e6ba	Samsung
94e6f7	Intel
94e70b	Intel
94e7ea	Huawei
94e7f3	Huawei
94e8c5	CommScope
94e96a	Apple
94e98c	Nokia
94e9ee	Huawei
94ea32	Apple
94eaea	Amazon
94eb2c	Google
94ef50	TP-Link
94f392	Fortinet
94f665	Ruckus
94f6a3	Apple
94f6d6	Apple
94f7ad	Juniper
94fe22	Huawei
94fef4	Sagemcom
94ff3c	Fortinet
98006a	ZTE
9800c6	Apple
9801a7	Apple
98038e	TP-Link
9803d8	Apple
98045f	Huawei
98063c	Samsung
980709	Huawei
9809cf	OnePlus
980a4b	Nokia
980c82	Samsung
980d51	Huawei
980d67	Zyxel
980d6f	Samsung
980daf	Apple
9810e8	Apple
9812e0	Xiaomi
981333	ZTE
98171a	Xiaomi
9817f1	ZTE
981888	Cisco Meraki
981a35	Huawei
981ca2	Apple
981dfa	Samsung
981e19	Sagemcom
98226e	Amazon
98247b	Huawei
98254a	TP-Link
982afd	Huawei
982ba6	Motorola
982cbc	Intel
982cbe	Pace
982d56	Cisco
982d68	Samsung
982f86	vivo
982ff8	Huawei
9835ed	Huawei
98398e	Samsung
983a1f	Google
983b8f	Intel
983c8c	Apple
983dae	Espressif
983f60	Huawei
983fa4	ZTE
983fe8	Samsung
9840d4	Technicolor
984265	Sagemcom
9843fa	Intel
9844ce	Huawei
98460a	Apple
984827	TP-Link
984874	Huawei
984925	Juniper
984b06	Huawei
984b4a	CommScope
984e8a	Samsung
984fee	Intel
98502e	Apple
985207	Huawei
98524a	Technicolor
9852b1	Samsung
98535f	Huawei
98541b	Intel
98597a	Intel
985a98	Huawei
985aeb	Apple
985b76	Technicolor
985f41	Intel
985fd3	Microsoft
9860ca	Apple
986110	Huawei
986610	ZTE
98698a	Apple
986b3d	CommScope
986cf5	ZTE
986f60	OPPO
98751a	Huawei
987a10	Ericsson
987a14	Microsoft
987eb5	Huawei
987eca	Amazon
987ee3	vivo
9880ee	Samsung
98818a	Huawei
988389	Samsung
98865d	Nokia
98868b	Juniper
98876c	Huawei
98886c	Huawei
9888e0	Espressif
988b5d	Sagemcom
988d46	Intel
9893cc	LG
9897cc	TP-Link
9898fb	Google
989ab9	ZTE
989bcb	AVM (FRITZ!Box)
989c57	Huawei
989d5d	Technicolor
989e63	Apple
989f1e	Huawei
98a2c0	Cisco
98a316	Espressif
98a375	Huawei
98a404	Ericsson
98a5f9	Apple
98a965	AVM (FRITZ!Box)
98ad1d	Huawei
98af65	Intel
98b039	Nokia
98b08b	Samsung
98b379	Apple
98b3ef	Huawei
98b8ba	LG
98b8bc	Samsung
98b8e3	Apple
98ba5f	TP-Link
98bd80	Intel
98c08a	Huawei
98c5db	Ericsson
98c8b8	vivo
98ca33	Apple
98ccf3	Amazon
98cdac	Espressif
98cf7d	Apple
98d293	Google
98d3d7	Huawei
98d6bb	Apple
98d6f7	LG
98d742	Samsung
98d7e1	Cisco
98dac4	TP-Link
98dd60	Apple
98ded0	TP-Link
98e081	Xiaomi
98e0d9	Apple
98e7f5	Huawei
98e859	Apple
98ed7e	Cisco
98ee8c	ZTE
98ee94	Xiaomi
98f04c	Cisco
98f083	Huawei
98f0ab	Apple
98f3f6	Huawei
98f428	ZTE
98f4ab	Espressif
98f537	ZTE
98f621	Xiaomi
98f781	CommScope
98f7d7	CommScope
98fa2e	Sony
98fae3	Xiaomi
98fb27	Samsung
98fc11	Cisco
98fe03	Ericsson
98fe3e	Intel
98fe94	Apple
98fee1	Apple
9c0298	Samsung
9c0351	Huawei
9c04eb	Apple
9c05d6	Ubiquiti
9c098b	Cisco
9c09ca	Huawei
9c0b05	Cisco
9c0cdf	OPPO
9c139e	Espressif
9c1874	Nokia
9c1a25	Apple
9c1d36	Huawei
9c1e95	Actiontec
9c207b	Apple
9c216a	TP-Link
9c2472	Sagemcom
9c2595	Samsung
9c28b3	Apple
9c28ef	Huawei
9c28f7	Xiaomi
9c293f	Apple
9c2976	Intel
9c2a83	Samsung
9c2e7a	Samsung
9c2ea1	Xiaomi
9c2f4e	ZTE
9c3426	CommScope
9c35eb	Apple
9c37cb	Sony
9c37f4	Huawei
9c3818	Cisco
9c3928	Samsung
9c3aaf	Samsung
9c3dcf	Netgear
9c3e53	Apple
9c4782	TP-Link
9c47f4	Nokia
9c4929	Huawei
9c4a7b	Nokia
9c4e20	Cisco
9c4e36	Intel
9c4f5f	Google
9c4fac	ZTE
9c4fda	Apple
9c52f8	Huawei
9c5322	TP-Link
9c5416	Cisco
9c5467	Nokia
9c5636	Huawei
9c5766	Huawei
9c57ad	Cisco
9c57bc	Cisco
9c583c	Apple
9c5884	Apple
9c5a80	Juniper
9c5a81	Xiaomi
9c5c8e	ASUS
9c5cf9	Sony
9c5d12	Extreme
9c5f5a	OPPO
9c5fb0	Samsung
9c6076	Apple
9c61d7	Huawei
9c635b	ZTE
9c63ed	ZTE
9c648b	Apple
9c65b0	Samsung
9c65eb	Intel
9c6697	Cisco
9c67d6	Intel
9c69d1	Huawei
9c6c15	Microsoft
9c6f52	ZTE
9c713a	Huawei
9c7370	Huawei
9c73b1	Samsung
9c7403	OPPO
9c741a	Huawei
9c746f	Huawei
9c760e	Apple
9c79e3	Apple
9c7da3	Huawei
9c823f	Huawei
9c8281	vivo
9c8306	Samsung
9c84bf	Apple
9c8acb	Juniper
9c8ba0	Apple
9c8c6e	Samsung
9c8e9c	Huawei
9c924f	Apple
9c9567	Huawei
9c971b	Intel
9c9726	Technicolor
9c9774	Huawei
9c9793	Huawei
9c99a0	Xiaomi
9c9c1f	Espressif
9c9d7e	Xiaomi
9c9e6e	Espressif
9c9e71	Huawei
9c9ed5	Xiaomi
9ca2f4	TP-Link
9ca389	Nokia
9ca513	Samsung
9ca570	Cisco
9ca5c0	vivo
9ca615	TP-Link
9ca9b8	Cisco
9ca9c5	Apple
9ca9e4	ZTE
9caa1b	Microsoft
9caa5d	OPPO
9cafca	Cisco
9cb150	Intel
9cb2b2	Huawei
9cb2e8	Huawei
9cb400	ZTE
9cbcf0	Xiaomi
9cbf0d	Cisco
9cbfcd	Huawei
9cc172	Huawei
9cc394	Apple
9cc7a6	AVM (FRITZ!Box)
9cc893	Juniper
9cc8e9	Amazon
9cc8fc	CommScope
9cc9eb	Netgear
9ccad9	Nokia
9ccc01	Espressif
9ccc83	Juniper
9cd24b	ZTE
9cd35b	Samsung
9cd36d	Netgear
9cd57d	Cisco
9cd643	D-Link
9cd917	Motorola
9cda3e	Intel
9cdaa8	Apple
9cdbaf	Huawei
9cdf8a	Huawei
9ce041	Nokia
9ce063	Samsung
9ce176	Cisco
9ce330	Cisco Meraki
9ce33f	Apple
9ce374	Huawei
9ce65e	Apple
9ce6e7	Samsung
9ce82b	vivo
9ce91c	ZTE
9cec61	Huawei
9cf155	Nokia
9cf27e	Samsung
9cf387	Apple
9cf3ac	Apple
9cf48e	Apple
9cf531	OPPO
9cfa76	Apple
9cfb77	OPPO
9cfbd5	vivo
9cfc01	Apple
9cfc28	Apple
9cfce8	Intel
a002a5	Intel
a002dc	Amazon
a00460	Netgear
a00798	Samsung
a0086f	Huawei
a0092e	ZTE
a00a9a	Huawei
a00bba	Samsung
a00e98	Huawei
a00f37	Cisco
a01077	ZTE
a01081	Samsung
a01828	Apple
a01b29	Sagemcom
a01b9e	Samsung
a01c8d	Huawei
a020a6	Espressif
a02195	Samsung
a021b7	Netgear
a022de	vivo
a0239f	Cisco
a027b6	Samsung
a02942	Intel
a02ddb	Sagemcom
a031db	Huawei
a0334f	Cisco
a03679	Huawei
a0369f	Intel
a036bc	ASUS
a039ee	Sagemcom
a039f7	LG
a039f9	Sagemcom
a03be3	Apple
a03c20	Sagemcom
a03d6e	Cisco
a03d6f	Cisco
a0406f	Huawei
a040a0	Netgear
a04147	Huawei
a042d1	Huawei
a043b0	D-Link
a0445c	Huawei
a0465a	Motorola
a04839	Huawei
a04a5e	Microsoft
a04e04	Nokia
a04e8d	Cisco Meraki
a04ea7	Apple
a04ecf	Apple
a04f52	Intel
a04f85	LG
a0510b	Intel
a05272	Apple
a0551f	Sagemcom
a0552e	ZTE
a0554f	Cisco
a055de	CommScope
a0562c	Samsung
a056f3	Apple
a057e3	Huawei
a05911	Cisco Meraki
a05950	Intel
a06090	Samsung
a06391	Netgear
a067d6	Nokia
a0687e	CommScope
a070b7	Huawei
a071a9	Nokia
a07591	Samsung
a0764e	Espressif
a07817	Apple
a0782d	Apple
a07d9c	Samsung
a07f8a	Sagemcom
a08069	Intel
a0821f	Samsung
a08527	Intel
a085e3	Espressif
a085fc	Microsoft
a086c6	Xiaomi
a087be	Apple
a08869	Intel
a0889d	Huawei
a088b4	Intel
a08cf8	Huawei
a08d16	Huawei
a08e24	Cisco
a08e78	Sagemcom
a09169	LG
a091a2	OnePlus
a091c8	ZTE
a091ca	Nokia
a09347	OPPO
a09351	Cisco
a0941a	OPPO
a0999b	Apple
a09a8e	Apple
a09d22	Apple
a09f7a	D-Link
a0a0dc	Huawei
a0a309	Apple
a0a33b	Huawei
a0a3b3	Espressif
a0a3e2	Actiontec
a0a3f0	D-Link
a0a47f	Cisco
a0a4c5	Intel
a0a8cd	Intel
a0ab1b	D-Link
a0ac69	Samsung
a0ad62	Huawei
a0ad9f	ASUS
a0af12	Huawei
a0afbd	Intel
a0b0bd	Samsung
a0b339	Intel
a0b40f	Apple
a0b439	Cisco
a0b4a5	Samsung
a0b53c	Technicolor
a0b765	Espressif
a0bc6f	Cisco
a0c1c5	Apple
a0c20d	Huawei
a0c562	CommScope
a0c589	Intel
a0c7d2	Cisco
a0c98b	Nokia
a0cbfd	Samsung
a0cf5b	Cisco
a0cff5	ZTE
a0d05b	Samsung
a0d0dc	Amazon
a0d1b3	Apple
a0d2b1	Amazon
a0d365	Intel
a0d37a	Intel
a0d722	Samsung
a0d795	Apple
a0d7a0	Huawei
a0d7f3	Samsung
a0d807	Huawei
a0dd6c	Espressif
a0de0f	Huawei
a0df15	Huawei
a0e0af	Cisco
a0e390	Apple
a0e453	Sony
a0e4cb	Zyxel
a0e70b	Intel
a0e7ae	CommScope
a0ec80	ZTE
a0ecf9	Cisco
a0edcd	Apple
a0ee1a	Apple
a0f262	Espressif
a0f3c1	TP-Link
a0f419	Nokia
a0f479	Huawei
a0f849	Cisco
a0fac8	Huawei
a0fbc5	Apple
a0ff70	Technicolor
a4004e	Cisco
a400e2	Huawei
a402b7	Amazon
a402b9	Intel
a405d6	CommScope
a407b6	Samsung
a40801	Amazon
a40853	Nokia
a408f5	Sagemcom
a40987	Apple
a409b3	Huawei
a40cc3	Cisco
a40f25	Cisco
a40f98	OPPO
a410b6	Cisco
a411bb	Cisco
a41232	OPPO
a41588	CommScope
a416c0	Apple
a416e7	Huawei
a4178b	Huawei
a41875	Cisco
a41a3a	TP-Link
a41a6e	ZTE
a42249	Sagemcom
a422b6	Motorola
a42a95	D-Link
a42b8c	Netgear
a42bb0	TP-Link
a4307a	Samsung
a43135	Apple
a434d9	Intel
a4373e	Huawei
a439b3	Xiaomi
a43b0e	Huawei
a43d78	OPPO
a44027	ZTE
a4423b	Intel
a44343	Huawei
a44380	Huawei
a4438c	CommScope
a44519	Xiaomi
a446b4	Huawei
a44bd5	Xiaomi
a44c11	Cisco
a44e31	Intel
a45046	Xiaomi
a4515e	Juniper
a4516f	Microsoft
a4530e	Cisco
a45590	Xiaomi
a45630	Cisco
a456cc	Technicolor
a45e60	Apple
a46185	Cisco
a463a1	Amazon
a46706	Apple
a46b1f	Cisco
a46bb6	Intel
a46c24	Huawei
a46c2a	Cisco
a46cf1	Samsung
a46da4	Huawei
a470d6	Motorola
a47174	Huawei
a473ab	Extreme
a475b9	Samsung
a47733	Google
a47760	Nokia
a477f3	Apple
a47806	Cisco
a47952	Huawei
a47aa4	CommScope
a47b1a	Huawei
a47b2c	Nokia
a47b9d	Espressif
a47cc9	Huawei
a47e39	ZTE
a47f1b	Juniper
a481ee	Nokia
a483e7	Apple
a48431	Samsung
a48873	Cisco
a490ce	vivo
a491b1	Technicolor
a492cb	Nokia
a4933f	Huawei
a4934c	Cisco
a493ad	Huawei
a493fe	Huawei
a49700	Cisco
a49791	Extreme
a49813	CommScope
a49947	Huawei
a499a8	Cisco
a49a58	Samsung
a49b4f	Huawei
a49bcd	Cisco
a49ddd	Samsung
a49fe7	Samsung
a4a1c2	Ericsson
a4a24a	Cisco
a4a46b	Huawei
a4a490	Samsung
a4a584	Cisco
a4a930	Xiaomi
a4aafe	Huawei
a4ac0f	Huawei
a4b197	Apple
a4b1c1	Intel
a4b1e9	Technicolor
a4b239	Cisco
a4b439	Cisco
a4b61e	Huawei
a4b805	Apple
a4ba70	Xiaomi
a4ba76	Huawei
a4bdc4	Huawei
a4be2b	Huawei
a4bf01	Intel
a4c337	Apple
a4c361	Apple
a4c3be	Xiaomi
a4c3f0	Intel
a4c494	Intel
a4c54e	Huawei
a4c64f	Huawei
a4c69a	Samsung
a4c6f0	Apple
a4c74b	Huawei
a4c788	Xiaomi
a4c7f6	Extreme
a4c939	OPPO
a4caa0	Huawei
a4cb8f	Espressif
a4ccb3	Xiaomi
a4cf12	Espressif
a4cf99	Apple
a4d18c	Apple
a4d1d2	Apple
a4d23e	Apple
a4d931	Apple
a4d990	Samsung
a4dcbe	Huawei
a4dcd5	Cisco
a4dd58	Huawei
a4e11a	Juniper
a4e287	Xiaomi
a4e31b	Nokia
a4e57c	Espressif
a4e731	Nokia
a4e975	Apple
a4ea8e	Extreme
a4ebd3	Samsung
a4ed4e	CommScope
a4f00f	Espressif
a4f05e	OPPO
a4f1e8	Apple
a4f33b	ZTE
a4f6e6	Apple
a4f6e8	Apple
a4f841	Apple
a4f8ff	Ubiquiti
a4f921	Apple
a4f933	Intel
a4fc14	Apple
a4fca1	Nokia
a4ff95	Nokia
a4ff9f	Xiaomi
a802db	ZTE
a8032a	Espressif
a80556	vivo
a80600	Samsung
a809b1	Huawei
a80bfb	Ruckus
a80c0d	Cisco
a80c63	Huawei
a80de1	Huawei
a811fc	CommScope
a81306	vivo
a8130b	Cisco
a81378	Nokia
a8154d	TP-Link
a816b2	LG
a816d0	Samsung
a81af1	Apple
a81b5a	OPPO
a82066	Apple
a82316	Nokia
a823fe	LG
a824b8	Nokia
a82948	TP-Link
a829dc	TP-Link
a82bb9	Samsung
a82bcd	Huawei
a82bd5	Xiaomi
a82c89	Apple
a830bc	Samsung
a8346a	Samsung
a83512	Huawei
a83759	Huawei
a83944	Actiontec
a83b5c	Huawei
a83ed3	Huawei
a842a1	TP-Link
a842e3	Espressif
a84481	Nokia
a84616	Huawei
a84674	Espressif
a8469d	Cisco Meraki
a848fa	Espressif
a8494d	Huawei
a84a28	Apple
a84b4d	Samsung
a84e3f	Hitron
a84fb1	Cisco
a85081	Huawei
a8515b	Samsung
a851ab	Apple
a8574e	TP-Link
a8595f	Intel
a85ae0	Huawei
a85b78	Apple
a85bb7	Apple
a85c2c	Apple
a85e45	ASUS
a85f61	Apple
a860b6	Apple
a8637d	D-Link
a864f1	Intel
a8667f	Apple
a86a86	Xiaomi
a86abb	Sagemcom
a86daa	Intel
a86e4e	Huawei
a86e84	TP-Link
a86f36	vivo
a8705d	CommScope
a8724d	Intel
a87484	ZTE
a87650	Samsung
a87971	Huawei
a8798d	Samsung
a87b39	Nokia
a87c01	Samsung
a87c45	Huawei
a87cf8	Apple
a87d12	Huawei
a87e33	Nokia
a87eea	Intel
a8817e	Apple
a88195	Samsung
a886dd	Apple
a887b3	Samsung
a88808	Apple
a888ce	OPPO
a88940	Huawei
a88c3e	Microsoft
a88e24	Apple
a88fd9	Apple
a8913d	Apple
a8922c	LG
a89675	Motorola
a8968a	Apple
a897cd	CommScope
a89892	OPPO
a89a8c	ZTE
a89a93	Sagemcom
a89ad7	Nokia
a89c6c	Ubiquiti
a89c78	Apple
a89ced	Xiaomi
a89d21	Cisco
a89fba	Samsung
a89fec	CommScope
a8a668	ZTE
a8aa7c	Huawei
a8abb5	Apple
a8b088	Cisco
a8b1d4	Cisco
a8b271	Huawei
a8b456	Cisco
a8b86e	LG
a8ba69	Samsung
a8bb56	Apple
a8bbcf	Apple
a8be27	Apple
a8c092	Huawei
a8c252	Huawei
a8c407	Huawei
a8c56f	OPPO
a8c647	Extreme
a8c83a	Huawei
a8ca77	Amazon
a8ca7b	Huawei
a8cab9	Samsung
a8d081	Huawei
a8d0e5	Juniper
a8d162	Samsung
a8d4e0	Huawei
a8db03	Samsung
a8ddec	D-Link
a8e018	Nokia
a8e3ee	Sony
a8e544	Huawei
a8e5ec	Nokia
a8e621	Amazon
a8e978	Huawei
a8ee67	Samsung
a8f059	Huawei
a8f07c	Huawei
a8f266	Huawei
a8f274	Samsung
a8f5ac	Huawei
a8f5dd	CommScope
a8fad8	Apple
a8fb40	Nokia
a8fe9d	Apple
a8ffba	Huawei
ac007a	Apple
ac00d0	ZTE
ac05c7	Intel
ac075f	Huawei
ac0775	Apple
ac0bfb	Espressif
ac0d1b	LG
ac1203	Intel
ac139c	Adtran
ac1518	Espressif
ac15a2	TP-Link
ac15f4	Apple
ac1615	Apple
ac16de	Intel
ac17c8	Cisco Meraki
ac198e	Intel
ac1d06	Apple
ac1e92	Samsung
ac1e9e	Xiaomi
ac1f74	Apple
ac202e	Hitron
ac220b	ASUS
ac2241	Huawei
ac276e	Espressif
ac293a	Apple
ac2aa1	Cisco
ac2b6e	Intel
ac3184	Huawei
ac3328	Huawei
ac3351	Ericsson
ac3613	Samsung
ac393d	Cisco
ac3a67	Cisco
ac3b77	Sagemcom
ac3c0b	Apple
ac3dcb	Intel
ac3eb1	Google
ac401e	vivo
ac416a	Amazon
ac4500	Apple
ac45ca	OPPO
ac45ef	Intel
ac471b	Huawei
ac49db	Apple
ac4a56	Cisco
ac4a67	Cisco
ac4bc8	Juniper
ac4ca5	Technicolor
ac4dd9	Extreme
ac4e91	Huawei
ac51ab	Huawei
ac51ee	Adtran
ac5322	Samsung
ac5a14	Samsung
ac5af0	LG
ac5afc	Intel
ac5c2c	Apple
ac5d10	Pace
ac5e14	Huawei
ac5f3e	Samsung
ac5fea	OnePlus
ac606f	Nokia
ac6089	Huawei
ac60b6	Ericsson
ac6175	Huawei
ac61ea	Apple
ac62ff	Technicolor
ac63be	Amazon
ac6462	ZTE
ac6490	Huawei
ac6706	Ruckus
ac675d	Intel
ac6784	Google
ac67b2	Espressif
ac69cf	Cisco Meraki
ac6c90	Samsung
ac712e	Fortinet
ac7289	Intel
ac7352	OPPO
ac74b1	Intel
ac751d	Huawei
ac764c	OPPO
ac78d1	Juniper
ac7a56	Cisco
ac7a94	OPPO
ac7ba1	Intel
ac7e01	Huawei
ac7e8a	Cisco
ac7f3e	Apple
ac7f8d	Extreme
ac800a	Sony
ac80fb	Samsung
ac81f3	Nokia
ac8247	Intel
ac82f0	Apple
ac84c6	TP-Link
ac84c9	Sagemcom
ac853d	Huawei
ac86a3	Apple
ac87a3	Apple
ac88fd	Apple
ac8ac7	Huawei
ac8ba9	Ubiquiti
ac8c46	Xiaomi
ac8d34	Huawei
ac8ebd	Microsoft
ac8fa9	Nokia
ac8ff8	Nokia
ac9073	Huawei
ac9085	Apple
ac9232	Huawei
ac932f	Nokia
ac936a	Huawei
ac9738	Apple
ac9929	Huawei
ac9b0a	Sony
ac9e17	ASUS
aca016	Cisco
aca09d	Juniper
aca704	Espressif
aca7f1	TP-Link
acad4b	ZTE
acafb9	Samsung
acb313	CommScope
acb3b5	Huawei
acbc32	Apple
acbcb5	Apple
acbcd9	Cisco
acbd70	Huawei
acbdf7	Cisco Meraki
acc048	OnePlus
acc1ee	Xiaomi
acc33a	Samsung
acc3e5	Cisco Meraki
acc4bd	OPPO
acc5b4	Huawei
acc906	Apple
acccfc	Amazon
accf5c	Apple
accf85	Huawei
acd074	Espressif
acd31d	Cisco Meraki
acd618	OnePlus
acd75b	Sagemcom
acdb48	CommScope
acdcca	Huawei
acde01	Ruckus
acdfa1	Apple
ace011	Huawei
ace215	Huawei
ace342	Huawei
ace4b5	Apple
ace6bb	Google
ace87b	Huawei
aceaea	Huawei
acebe6	Espressif
acec80	CommScope
acec85	Cisco
aced32	Extreme
aced5c	Intel
acee9e	Samsung
acf1df	D-Link
acf2c5	Cisco
acf5e6	Cisco
acf6f7	LG
acf7f3	Xiaomi
acf8cc	CommScope
acf970	Huawei
acfdce	Intel
acfdec	Apple
acff6b	Huawei
b000b4	Cisco
b00875	Huawei
b00ad5	ZTE
b00b22	Huawei
b01656	Huawei
b01831	Apple
b01921	TP-Link
b019c6	Apple
b01ff4	Sagemcom
b0216f	Huawei
b02491	Huawei
b02680	Cisco
b027cf	Extreme
b02a43	Google
b02b64	Cisco
b02ee0	Huawei
b03366	vivo
b033a6	Juniper
b03495	Apple
b0358d	Nokia
b0359f	Intel
b035b5	Apple
b03795	LG
b03956	Netgear
b03ace	Huawei
b03cdc	Intel
b03f64	Apple
b03fd3	Espressif
b042b7	Huawei
b04502	Huawei
b04692	OPPO
b047bf	Samsung
b047e9	Intel
b0481a	Apple
b0487a	TP-Link
b04a6a	Samsung
b04ab4	Motorola
b04e26	TP-Link
b05476	Samsung
b05508	Huawei
b05a7b	Huawei
b05b67	Huawei
b05b99	Sagemcom
b05ce5	Nokia
b05dd4	CommScope
b06088	Intel
b061c7	Ericsson
b064e0	Samsung
b065bd	Apple
b067b5	Apple
b06a41	Google
b06ebf	ASUS
b06fe0	Samsung
b0700d	Nokia
b0702d	Apple
b07219	Apple
b0735d	Huawei
b0739c	Amazon
b0754d	Nokia
b075d5	ZTE
b0761b	Huawei
b077ac	CommScope
b07994	Motorola
b07adf	Huawei
b07c51	Ruckus
b07d47	Cisco
b07d64	Intel
b07fb9	Netgear
b08184	Espressif
b082e2	ASUS
b083d6	CommScope
b08900	Huawei
b08b92	ZTE
b08ba8	Amazon
b08bcf	Cisco
b08bd0	Cisco
b08c75	Apple
b08d57	Cisco
b0907e	Cisco
b09200	Apple
b0924a	Sagemcom
b0935b	CommScope
b09575	TP-Link
b0958e	TP-Link
b0982b	Sagemcom
b098bc	Huawei
b0995a	Huawei
b099d7	Samsung
b09c63	Xiaomi
b09cb2	Google
b09fba	Apple
b0a460	Intel
b0a4f0	Huawei
b0a604	Espressif
b0a651	Cisco
b0a732	Espressif
b0a7b9	TP-Link
b0a86e	Juniper
b0aa36	OPPO
b0aa77	Cisco
b0acd2	ZTE
b0b194	ZTE
b0b21c	Espressif
b0b28f	Sagemcom
b0b2dc	Zyxel
b0b5c3	OPPO
b0b98a	Netgear
b0bbe5	Sagemcom
b0be76	TP-Link
b0be83	Apple
b0c19e	ZTE
b0c287	Technicolor
b0c2c7	Motorola
b0c38e	Huawei
b0c4e7	Samsung
b0c53c	Cisco
b0c554	D-Link
b0c559	Samsung
b0c61c	Huawei
b0c69a	Juniper
b0c787	Huawei
b0c952	OPPO
b0ca68	Apple
b0cae7	Huawei
b0cbd8	Espressif
b0ccfe	Huawei
b0cfcb	Amazon
b0d09c	Samsung
b0d1d6	Nokia
b0d576	Apple
b0d5fb	Google
b0d77e	Huawei
b0daf9	CommScope
b0dcef	Intel
b0de28	Apple
b0de31	Samsung
b0df3a	Samsung
b0dfc1	Tenda
b0e17e	Huawei
b0e235	Xiaomi
b0e45c	Samsung
b0e4d5	Google
b0e5ed	Huawei
b0e5ef	Apple
b0e5f9	Apple
b0e754	Pace
b0eb57	Huawei
b0eb7f	Juniper
b0ec71	Samsung
b0ecdd	Huawei
b0f079	OPPO
b0f1ae	Cisco
b0f1d8	Apple
b0f208	AVM (FRITZ!Box)
b0f2f6	Samsung
b0f530	Hitron
b0f7c4	Amazon
b0fa8b	Huawei
b0faeb	Cisco
b0fc0d	Amazon
b0fc88	Sagemcom
b0fee5	Huawei
b40216	Cisco
b40421	ZTE
b405a1	Xiaomi
b407f9	Samsung
b40931	Huawei
b40ad8	Sony
b40b1d	Samsung
b40edc	Ericsson
b40ede	Intel
b40f3b	Tenda
b40fb3	vivo
b4107a	Amazon
b41324	Google
b41489	Cisco
b414e6	Huawei
b41513	Huawei
b41584	Samsung
b41678	Juniper
b418d1	Apple
b41974	Apple
b41a1d	Samsung
b41bb0	Apple
b41c30	ZTE
b41d62	Nokia
b41dc4	Huawei
b41f4d	Sony
b42046	Cisco
b4205b	OPPO
b423a2	Google
b42a0e	Technicolor
b42bb9	Huawei
b42d56	Extreme
b43052	Huawei
b437d8	D-Link
b43836	Huawei
b4394c	Huawei
b43a28	Samsung
b43a45	Espressif
b43ae2	Huawei
b43b52	Sagemcom
b440a4	Apple
b440dc	Samsung
b4430d	D-Link
b44326	Huawei
b44389	Huawei
b44bd2	Apple
b44c90	Cisco
b4527d	Sony
b4527e	Sony
b454f2	Huawei
b45575	Apple
b456e3	Apple
b457e6	OPPO
b45976	Apple
b45bd1	TP-Link
b45f84	ZTE
b460ed	Xiaomi
b46142	Huawei
b46293	Samsung
b4636f	Nokia
b46921	Intel
b46bfc	Intel
b46d83	Intel
b46e08	Huawei
b46e10	vivo
b47064	Samsung
b472d4	ZTE
b47443	Samsung
b47447	Cisco
b4750e	Belkin
b476a4	Huawei
b479a7	Samsung
b479c8	Ruckus
b47b1a	Huawei
b47c9c	Amazon
b47ca6	ZTE
b48351	Intel
b485e1	Apple
b48655	Huawei
b48901	Huawei
b48a0a	Espressif
b48a5f	Juniper
b48b19	Apple
b49107	Huawei
b49691	Intel
b496a5	Apple
b49842	ZTE
b49a7d	OPPO
b49cdf	Apple
b49d02	Samsung
b49d6b	vivo
b4a10a	Huawei
b4a25c	Cambium
b4a3bd	Extreme
b4a4e3	Cisco
b4a5ac	OPPO
b4a898	Huawei
b4a8b9	Cisco
b4ae2b	Microsoft
b4aec1	Apple
b4b024	TP-Link
b4b055	Huawei
b4b291	LG
b4b2e9	Fortinet
b4b362	ZTE
b4b676	Intel
b4b742	Amazon
b4b9e6	Cisco
b4bfe9	Espressif
b4bff6	Samsung
b4c0c3	TP-Link
b4c2f7	Huawei
b4c3d9	Huawei
b4c4fc	Xiaomi
b4c799	Extreme
b4cadd	Cisco
b4cb57	OPPO
b4cd27	Huawei
b4ce40	Samsung
b4d5bd	Intel
b4d5e5	Samsung
b4de31	Cisco
b4dedf	ZTE
b4df91	Cisco Meraki
b4e1c4	Microsoft
b4e3d0	LG
b4e454	Amazon
b4e53e	Ruckus
b4e5c5	Huawei
b4e62d	Espressif
b4e9b0	Cisco
b4ed19	Cisco
b4ef39	Samsung
b4f0ab	Apple
b4f18c	Huawei
b4f1da	LG
b4f2e8	CommScope
b4f49b	Huawei
b4f58e	Huawei
b4f61c	Apple
b4f7a1	LG
b4f95d	Juniper
b4fa48	Apple
b4fbe4	Ubiquiti
b4fbf9	Huawei
b4fc7d	AVM (FRITZ!Box)
b4ff98	Huawei
b8011f	Apple
b80305	Intel
b80533	Apple
b805ab	ZTE
b80716	vivo
b80756	Cisco Meraki
b808cf	Intel
b808d7	Huawei
b8098a	Apple
b80b9a	Huawei
b8114b	Cisco
b8144d	Apple
b8145c	Huawei
b81619	CommScope
b817c2	Apple
b81904	Nokia
b81d1f	Huawei
b81daa	LG
b81e0b	Extreme
b81e61	Amazon
b81e9e	Huawei
b81f3f	Espressif
b8211c	Apple
b8220c	Apple
b827c5	Huawei
b82aa9	Apple
b82b68	Huawei
b831b5	Microsoft
b8328f	Cisco
b83446	Motorola
b8374a	Apple
b83765	OPPO
b83861	Cisco
b83a08	Tenda
b83bcc	Xiaomi
b83c20	Huawei
b83c28	Apple
b841a4	Apple
b844d9	Apple
b845eb	Apple
b8496d	Apple
b84fa7	Apple
b84fd5	Microsoft
b85001	Extreme
b850d8	Xiaomi
b851a9	Nokia
b85213	ZTE
b852e0	Xiaomi
b85384	Xiaomi
b853ac	Apple
b85600	Huawei
b857d6	Cisco
b857d8	Samsung
b85a73	Samsung
b85c5c	Microsoft
b85d0a	Apple
b85dc3	Huawei
b85e71	Technicolor
b85e7b	Samsung
b85f98	Amazon
b85fb0	Huawei
b861fc	Juniper
b8621f	Cisco
b8634d	Apple
b86685	Sagemcom
b869f4	MikroTik
b86af1	Sagemcom
b86ce8	Samsung
b8752e	Huawei
b8782e	Apple
b87b4d	Espressif
b87bc5	Apple
b87bd4	Google
b87cd0	Huawei
b87cf2	Extreme
b87e39	Motorola
b87e40	Huawei
b88198	Intel
b881fa	Apple
b8857b	Huawei
b88a60	Intel
b88c2b	Sagemcom
b88d12	Apple
b88e82	Huawei
b88ec6	Cisco
b89047	Apple
b89436	Huawei
b89470	Calix
b894e7	Xiaomi
b8977a	Nokia
b898ad	Motorola
b89a2a	Intel
b89fcc	Huawei
b8a0b8	Samsung
b8a25d	Motorola
b8a377	Cisco
b8a386	D-Link
b8a535	Technicolor
b8a825	Samsung
b8ab61	Cisco Meraki
b8b2f8	Apple
b8b409	Samsung
b8b4c9	Cisco Meraki
b8b81e	Intel
b8ba66	Microsoft
b8bbaf	Samsung
b8bc1b	Huawei
b8bc5b	Samsung
b8bebf	Cisco
b8bf83	Intel
b8c111	Apple
b8c253	Juniper
b8c385	Huawei
b8c68e	Samsung
b8c74a	OPPO
b8c75d	Apple
b8c924	Cisco
b8c9b5	OPPO
b8d43e	vivo
b8d4bc	ZTE
b8d4c3	Huawei
b8d526	Zyxel
b8d5ad	Nokia
b8d61a	Espressif
b8d6f6	Huawei
b8d94d	Sagemcom
b8d9ce	Samsung
b8dae8	Huawei
b8db38	Google
b8dc28	Extreme
b8dd71	ZTE
b8e3b1	Huawei
b8e60c	Apple
b8e625	Pace
b8e856	Apple
b8e937	Sonos
b8ea98	Xiaomi
b8eca3	Zyxel
b8ee0e	Sagemcom
b8f009	Espressif
b8f015	Juniper
b8f0b9	ZTE
b8f12a	Apple
b8f4a4	Google
b8f6b1	Apple
b8f775	Intel
b8f862	Espressif
b8f883	TP-Link
b8f934	Sony
b8fbb3	TP-Link
b8fe90	Cisco
b8ff61	Apple
bc0358	Intel
bc0543	AVM (FRITZ!Box)
bc071d	TP-Link
bc091b	Intel
bc0963	Apple
bc0eab	Samsung
bc0f64	Intel
bc0f9a	D-Link
bc0fa7	Cisco
bc0ffe	Juniper
bc107b	Samsung
bc1401	Hitron
bc1485	Samsung
bc1541	Nokia
bc1665	Cisco
bc1695	ZTE
bc16f5	Cisco
bc17b8	Intel
bc1896	Huawei
bc1ae4	Huawei
bc1d89	Motorola
bc1e85	Huawei
bc20a4	Samsung
bc2106	Adtran
bc2228	D-Link
bc25e0	Huawei
bc26c7	Cisco
bc277a	Samsung
bc2ce6	Cisco
bc2e48	CommScope
bc2ef6	Huawei
bc2f3d	vivo
bc32b2	Samsung
bc3329	Sony
bc3340	Cisco Meraki
bc34d6	Extreme
bc37d3	Apple
bc3898	Intel
bc3aea	OPPO
bc3baf	Apple
bc3d85	Huawei
bc3e07	Hitron
bc3ecb	vivo
bc3f8f	Huawei
bc41a0	ZTE
bc4486	Samsung
bc4529	ZTE
bc455b	Samsung
bc4699	TP-Link
bc4760	Samsung
bc4a56	Cisco
bc4c78	Huawei
bc4ca0	Huawei
bc4cc4	Apple
bc4dfb	Hitron
bc4f2d	Apple
bc515f	Nokia
bc5274	Samsung
bc52b4	Nokia
bc52b7	Apple
bc542f	Intel
bc5436	Apple
bc5451	Samsung
bc5a56	Cisco
bc5bd5	CommScope
bc60a7	Sony
bc6193	Xiaomi
bc620e	Huawei
bc629c	ZTE
bc644b	CommScope
bc64d9	OPPO
bc671c	Cisco
bc6778	Apple
bc68c3	Huawei
bc6a2f	Cisco
bc6ad1	Xiaomi
bc6b4d	Nokia
bc6c21	Apple
bc6e64	Sony
bc6ee2	Intel
bc72b1	Samsung
bc74ea	Apple
bc7574	Huawei
bc765e	Samsung
bc7670	Huawei
bc76c5	Huawei
bc7737	Intel
bc79ad	Samsung
bc7abf	Samsung
bc7b72	Huawei
bc7e8b	Samsung
bc7ec3	Zyxel
bc7f7b	Huawei
bc7fa4	Xiaomi
bc804e	Apple
bc8385	Microsoft
bc851f	Samsung
bc89a7	Apple
bc89c1	Apple
bc8ccd	Samsung
bc8d0e	Nokia
bc8d1f	Cisco
bc926b	Apple
bc9307	Samsung
bc9789	Huawei
bc9829	vivo
bc98df	Motorola
bc9911	Zyxel
bc9930	Huawei
bc9a53	Huawei
bc9b68	Technicolor
bc9c31	Huawei
bc9c8d	Ruckus
bc9f58	Apple
bc9fef	Apple
bca080	Samsung
bca0b9	Huawei
bca231	Huawei
bca511	Netgear
bca58b	Samsung
bca5a9	Apple
bca8a6	Intel
bca920	Apple
bca993	Cambium
bcabf5	Cisco
bcaec5	ASUS
bcb0e7	Huawei
bcb1d3	Cisco Meraki
bcb1f3	Samsung
bcb2cc	Samsung
bcb30e	Cisco
bcb863	Apple
bcbb58	Apple
bcbcca	Huawei
bcbd84	ZTE
bcbf2e	ASUS
bcc23a	Technicolor
bcc427	Huawei
bcc436	Nokia
bcc493	Cisco
bcc6db	Nokia
bcc810	Cisco
bccab5	CommScope
bccd7f	Huawei
bccd99	Intel
bccf4f	Zyxel
bcd074	Apple
bcd11f	Samsung
bcd165	Cisco
bcd177	TP-Link
bcd206	Huawei
bcd22c	Intel
bcd295	Cisco
bcd5ed	Sagemcom
bcdb09	Cisco Meraki
bcddc2	Espressif
bcdf58	Google
bce143	Apple
bce265	Huawei
bce63f	Samsung
bce67c	Cambium
bce712	Cisco
bce8fa	OPPO
bcec5d	Apple
bcee7b	ASUS
bcf105	Intel
bcf171	Intel
bcf1f2	Cisco
bcf310	Extreme
bcf45f	ZTE
bcf5ac	LG
bcf685	D-Link
bcf730	Samsung
bcf88b	ZTE
bcfaeb	Cisco
bcfce7	ASUS
bcfed9	Apple
bcff4d	Espressif
bcff54	ZTE
bcffeb	Motorola
c00380	Juniper
c005c2	CommScope
c0060c	Huawei
c006c3	TP-Link
c01173	Samsung
c014b8	Nokia
c014fe	Cisco
c0151b	Sony
c01693	Xiaomi
c0174d	Samsung
c01754	Apple
c01944	Juniper
c01ada	Apple
c01c6a	Google
c0238d	Samsung
c02506	AVM (FRITZ!Box)
c0255c	Cisco
c025e9	TP-Link
c02c17	Cisco
c02c5c	Apple
c02dee	Cisco
c02e1d	Nokia
c02e25	OPPO
c02e5f	Zyxel
c02fcd	OPPO
c0335e	Microsoft
c03379	Huawei
c03653	Cisco
c038f9	Nokia
c03a55	TP-Link
c03c04	Sagemcom
c03c59	Intel
c03d03	Samsung
c03e50	Huawei
c03f0e	Netgear
c03fdd	Huawei
c04121	Nokia
c041f6	LG
c042d0	Juniper
c04442	Apple
c04754	vivo
c048e6	Samsung
c04943	ZTE
c049ef	Espressif
c04a00	TP-Link
c04e30	Espressif
c04e8a	Huawei
c0515c	ZTE
c05234	Huawei
c0544d	Nokia
c0555c	Cisco
c05627	Belkin
c05b44	Xiaomi
c05bbd	Huawei
c05d89	Espressif
c06118	TP-Link
c0626b	Cisco
c06394	Apple
c064c6	Nokia
c064e4	Cisco
c06599	Samsung
c067af	Cisco
c06b55	Motorola
c06c0c	Apple
c06f98	Cisco
c07009	Huawei
c07831	Huawei
c07ad6	Samsung
c07bbc	Cisco
c0830a	Pace
c083c9	Huawei
c0847a	Apple
c084e0	Huawei
c087eb	Samsung
c08997	Samsung
c089ab	CommScope
c08ade	Ruckus
c08b05	Huawei
c08b2a	Cisco
c08c60	Cisco
c08c71	Motorola
c08d51	Amazon
c091b9	Amazon
c09296	ZTE
c09435	CommScope
c094ad	ZTE
c0956d	Apple
c095cf	Amazon
c09727	Samsung
c09ad0	Apple
c09b63	Huawei
c09f05	OPPO
c09f42	Apple
c09fe1	ZTE
c0a00d	CommScope
c0a0bb	D-Link
c0a1a2	Arris
c0a36d	Huawei
c0a53e	Apple
c0a5e8	Intel
c0a600	Apple
c0a810	Intel
c0a938	Huawei
c0ab2b	Huawei
c0ac54	Sagemcom
c0b101	ZTE
c0b22f	Apple
c0b47d	Huawei
c0b5cd	Huawei
c0b658	Apple
c0b6f9	Intel
c0b883	Intel
c0bc9a	Huawei
c0bdc8	Samsung
c0bdd1	Samsung
c0bfa7	Juniper
c0bfac	Huawei
c0bfc0	Huawei
c0c1c0	Cisco
c0c520	Ruckus
c0c522	CommScope
c0c687	Cisco
c0c70a	Ruckus
c0c7db	Apple
c0c9e3	TP-Link
c0ccf8	Apple
c0cdd6	Espressif
c0cecd	Apple
c0d012	Apple
c0d026	Huawei
c0d044	Sagemcom
c0d193	Huawei
c0d2dd	Samsung
c0d3c0	Samsung
c0d46b	Huawei
c0d5e2	Samsung
c0d6d5	Microsoft
c0da5e	Huawei
c0dcd7	Huawei
c0dcda	Samsung
c0dfed	Juniper
c0e018	Huawei
c0e1be	Huawei
c0e3fb	Huawei
c0e42d	TP-Link
c0e579	Huawei
c0e862	Apple
c0ede5	OPPO
c0eefb	OnePlus
c0f2fb	Apple
c0f4e6	Huawei
c0f6c2	Huawei
c0f6ec	Huawei
c0f87f	Cisco
c0f9b0	Huawei
c0fd6f	Sagemcom
c0fd84	ZTE
c0ffa8	Huawei
c0ffd4	Netgear
c4017c	Ruckus
c403a8	Intel
c40415	Netgear
c40528	Huawei
c40683	Huawei
c4072f	Huawei
c4084a	Nokia
c409b7	Juniper
c40acb	Cisco
c40b31	Apple
c40bcb	Xiaomi
c40d96	Huawei
c40f08	Intel
c4108a	Ruckus
c41234	Apple
c412ec	Huawei
c412f5	D-Link
c413e2	Extreme
c41411	Apple
c4143c	Cisco
c414a2	Cisco Meraki
c41688	Huawei
c4168f	Apple
c416c8	Huawei
c4170e	Huawei
c418e9	Samsung
c418fc	Cisco
c41c07	Samsung
c421b9	ZTE
c42360	Intel
c42728	ZTE
c4278c	Huawei
c42795	Technicolor
c42ad0	Apple
c42b44	Huawei
c42c03	Apple
c4345b	Huawei
c435d9	Apple
c43875	Sonos
c43abe	Sony
c43d1a	Intel
c43dc7	Netgear
c43eab	Huawei
c440f6	OPPO
c4411e	Belkin
c44202	Samsung
c4438f	LG
c4447d	Huawei
c444a0	Cisco
c44606	Cisco
c4473f	Huawei
c4474e	Intel
c4491b	Apple
c4493e	Motorola
c44d84	Cisco
c44f33	Espressif
c44f5f	Huawei
c44fd5	Technicolor
c45006	Samsung
c4509c	Technicolor
c4524f	Apple
c4571f	Cisco
c4576e	Samsung
c457cd	Huawei
c45a86	Huawei
c45bac	Apple
c45bbe	Espressif
c45d83	Samsung
c45e5c	Huawei
c4618b	Apple
c461c7	Microsoft
c462ea	Samsung
c463c4	Huawei
c46413	Cisco
c46699	vivo
c467d1	Huawei
c469f0	Huawei
c46ab7	Xiaomi
c46dd1	Huawei
c46e1f	TP-Link
c4710f	Xiaomi
c47154	TP-Link
c471fe	Cisco
c47295	Cisco
c4731e	Samsung
c4741e	ZTE
c475ab	Intel
c475ea	Huawei
c47764	Samsung
c478a2	Huawei
c47be3	Huawei
c47d4f	Cisco
c47d9f	Samsung
c47ee0	Cisco
c48025	Huawei
c48466	Apple
c484c0	Motorola
c484fc	Apple
c48508	Intel
c486e9	Huawei
c488e5	Samsung
c48ba3	Cisco Meraki
c4910c	Apple
c492d9	ZTE
c493bb	Xiaomi
c493d9	Samsung
c49500	Amazon
c4969f	Amazon
c49880	Apple
c49a02	LG
c49a31	Zyxel
c49d08	Huawei
c49ded	Microsoft
c49f4c	Huawei
c4a052	Motorola
c4a1ae	Huawei
c4a366	ZTE
c4a402	Huawei
c4a816	Cisco
c4a81d	D-Link
c4aa43	Cisco
c4aa99	Huawei
c4ab4d	Cisco
c4abb2	vivo
c4acaa	Apple
c4ad34	MikroTik
c4ae12	Samsung
c4b1d9	Huawei
c4b239	Cisco
c4b301	Apple
c4b349	Apple
c4b36a	Cisco
c4b8b4	Huawei
c4b9cd	Cisco
c4bb03	Huawei
c4bde5	Intel
c4c17d	Apple
c4c36b	Apple
c4c603	Cisco
c4cb76	Microsoft
c4ccf9	ZTE
c4d0e3	Intel
c4d438	Huawei
c4d666	Cisco Meraki
c4d738	Huawei
c4d8d4	Huawei
c4d8d5	Espressif
c4d987	Intel
c4db04	Huawei
c4dd57	Espressif
c4de7b	Huawei
c4dee2	Espressif
c4e1a1	OPPO
c4e287	Huawei
c4e39f	OPPO
c4e90a	D-Link
c4e984	TP-Link
c4ea1d	Technicolor
c4eb39	Sagemcom
c4eb41	Sagemcom
c4eb42	Sagemcom
c4eb43	Sagemcom
c4ebff	ZTE
c4ef3d	Samsung
c4f081	Huawei
c4f174	Cisco
c4f445	Apple
c4f7c1	Apple
c4f7d5	Cisco
c4fbaa	Huawei
c4fe5b	OPPO
c4ff1f	Huawei
c4ff22	Huawei
c4ff99	Intel
c80084	Cisco
c803f5	Ruckus
c80873	Ruckus
c808e9	LG
c809a8	Intel
c80cc8	Huawei
c80e14	AVM (FRITZ!Box)
c8102f	Netgear
c8120b	Samsung
c81337	Juniper
c81451	Huawei
c81479	Samsung
c8154e	Intel
c819f7	Samsung
c81ee7	Apple
c81fbe	Huawei
c81fe8	Apple
c82158	Intel
c82832	Xiaomi
c828e5	Cisco
c82a14	Apple
c82add	Google
c82b96	Espressif
c82e18	Espressif
c83049	Huawei
c8334b	Apple
c83374	Zyxel
c833e5	Huawei
c8348e	Intel
c834e5	Cisco
c835b8	Ericsson
c83870	Samsung
c839ac	Huawei
c83a35	Tenda
c83c85	Apple
c83d97	Nokia
c83ddc	Xiaomi
c83e9e	Huawei
c83f26	Microsoft
c83fb4	CommScope
c8418a	Samsung
c84709	Cisco
c84aa0	Sony
c84c75	Cisco
c84c78	ZTE
c850ce	Huawei
c85142	Samsung
c85195	Huawei
c851fb	Extreme
c85261	CommScope
c8544b	Zyxel
c85895	Motorola
c858b3	Intel
c858c0	Intel
c85a9f	ZTE
c85ccc	Xiaomi
c85ea9	Intel
c86000	ASUS
c8608f	Cisco
c86340	Cisco Meraki
c863f1	Sony
c863fc	CommScope
c864c7	ZTE
c8665d	Extreme
c8675e	Extreme
c868de	Huawei
c869cd	Apple
c86c3d	Amazon
c86c87	Zyxel
c86e08	Intel
c86f1d	Apple
c8727e	Nokia
c875dd	LG
c8787d	D-Link
c878f7	Cisco
c87b5b	ZTE
c87e75	Samsung
c87f54	ASUS
c8806d	Apple
c88234	Cisco
c8848c	Ruckus
c884a1	Cisco
c884cf	Huawei
c88541	Espressif
c88550	Apple
c889f3	Apple
c88a9a	Intel
c88d83	Huawei
c8908a	Samsung
c890f7	Huawei
c891f9	Sagemcom
c894bb	Huawei
c895ce	Intel
c89665	Microsoft
c8979f	Nokia
c89828	ZTE
c89c1d	Cisco
c89d18	Huawei
c89e43	Netgear
c89f0c	Motorola
c89f1a	Huawei
c8a1dc	Motorola
c8a608	Ruckus
c8a6ef	Samsung
c8a776	Huawei
c8a823	Samsung
c8aa21	CommScope
c8b1cd	Apple
c8b29b	Intel
c8b373	Cisco
c8b5b7	Apple
c8b6d3	Huawei
c8b6fe	Cisco
c8b78a	Huawei
c8b82f	Cisco
c8ba94	Samsung
c8bb81	Huawei
c8bc9c	Huawei
c8bcc8	Apple
c8bd4d	Samsung
c8bd69	Samsung
c8be19	D-Link
c8be35	Extreme
c8bf4c	Xiaomi
c8bffe	Huawei
c8c2fa	Huawei
c8c465	Huawei
c8c6fe	Cisco
c8c750	Motorola
c8c9a3	Espressif
c8ca63	Huawei
c8cb9e	Intel
c8cc21	Cisco
c8cd72	Sagemcom
c8d083	Apple
c8d10b	Nokia
c8d15e	Huawei
c8d1a9	Huawei
c8d3a3	D-Link
c8d719	Cisco
c8d7b0	Samsung
c8d959	Motorola
c8d995	Juniper
c8df7c	Nokia
c8e0eb	Apple
c8e265	Intel
c8e306	Cisco
c8e31d	Huawei
c8e5e0	Huawei
c8e600	Huawei
c8e7f0	Juniper
c8eaf8	ZTE
c8f09e	Espressif
c8f230	OPPO
c8f319	LG
c8f650	Apple
c8f733	Intel
c8f9f9	Cisco
c8fb26	Cisco
c8fe6a	Juniper
cc00f1	Sagemcom
cc033d	Xiaomi
cc03d9	Cisco Meraki
cc03fa	Technicolor
cc051b	Samsung
cc0577	Huawei
cc07ab	Samsung
cc087b	Huawei
cc088d	Apple
cc08e0	Apple
cc08fa	Apple
cc08fb	TP-Link
cc0dcb	Microsoft
cc0dec	Cisco
cc0df2	Motorola
cc115a	Apple
cc1531	Intel
cc167e	Cisco
cc1afa	ZTE
cc1b5a	Ruckus
cc1e56	Huawei
cc1e97	Huawei
cc208c	Huawei
cc20ac	Samsung
cc20e8	Apple
cc2119	Samsung
cc2293	Amazon
cc22fe	Apple
cc25ef	Apple
cc2746	Apple
cc28aa	ASUS
cc29bd	ZTE
cc29f5	Apple
cc2d21	Tenda
cc2d83	OPPO
cc2d8c	LG
cc2db7	Apple
cc2dd2	Ruckus
cc2de0	MikroTik
cc2f71	Intel
cc3296	Huawei
cc32e5	TP-Link
cc33bb	Sagemcom
cc3429	TP-Link
cc3540	Technicolor
cc35d9	Ubiquiti
cc36cf	Cisco
cc3a61	Samsung
cc3d82	Intel
cc3dd1	Huawei
cc3e79	CommScope
cc3f36	Apple
cc40d0	Netgear
cc4210	Xiaomi
cc4460	Huawei
cc4463	Apple
cc464e	Samsung
cc46d6	Cisco
cc4b04	Apple
cc4d75	Xiaomi
cc50e3	Espressif
cc53b5	Huawei
cc5830	Sagemcom
cc58c7	Nokia
cc5a53	Cisco
cc5c61	Huawei
cc5d4e	Zyxel
cc6023	Apple
cc60c8	Microsoft
cc61e5	Motorola
cc64a6	Huawei
cc65ad	CommScope
cc660a	Apple
cc6618	Adtran
cc66b2	Nokia
cc68b6	TP-Link
cc68e0	Apple
cc69fa	Apple
cc6a33	Cisco
cc6e2a	Cisco Meraki
cc6ea4	Samsung
cc70ed	Cisco
cc722a	Apple
cc75e2	CommScope
cc763a	ZTE
cc7645	Microsoft
cc785f	Apple
cc79d7	Cisco
cc7b35	ZTE
cc7b5c	Espressif
cc7d37	CommScope
cc7f75	Cisco
cc7f76	Cisco
cc808f	Apple
cc812a	vivo
cc817d	Apple
cc874a	Nokia
cc895e	Huawei
cc89fd	Nokia
cc8a84	Huawei
cc8da2	Espressif
cc8e71	Cisco
cc9070	Cisco
cc9096	Huawei
cc9470	Cisco
cc96a0	Huawei
cc988b	Sony
cc9891	Cisco
cc9c3e	Cisco Meraki
cc9ea2	Amazon
cca08f	ZTE
cca223	Huawei
cca462	CommScope
cca7c1	Google
ccafe3	Amazon
ccb0a8	Huawei
ccb0b3	Microsoft
ccb11a	Samsung
ccb182	Huawei
ccb255	D-Link
ccb5d1	Xiaomi
ccb6c8	Cisco
ccb775	Huawei
ccb777	ZTE
ccb7c4	Huawei
ccba6f	Huawei
ccba97	Espressif
ccbabd	TP-Link
ccbbfe	Huawei
ccbc2b	Huawei
ccbce3	Huawei
ccbe59	Calix
ccbe61	Apple
ccc3ea	Motorola
ccc760	Apple
ccc95d	Apple
cccc81	Huawei
ccce1e	AVM (FRITZ!Box)
ccd281	Apple
ccd342	Cisco
ccd539	Cisco
ccd73c	Huawei
ccd843	Xiaomi
ccd8c1	Cisco
ccd9ac	Intel
ccda20	Xiaomi
ccdb93	Cisco
ccdba7	Espressif
ccdede	Nokia
cce17f	Juniper
cce194	Juniper
cce686	Samsung
cce9fa	Samsung
cceb5e	Xiaomi
cced21	Nokia
cced4d	Cisco
ccef48	Cisco
ccf3c8	Technicolor
ccf411	Google
ccf735	Amazon
ccf826	Samsung
ccf9e4	Intel
ccf9e8	Samsung
ccf9f0	Samsung
ccfa00	LG
ccfa66	Huawei
ccfaf1	Sagemcom
ccfe3c	Samsung
ccff90	Huawei
d0034b	Apple
d003df	Samsung
d00401	Motorola
d00477	Huawei
d004b0	Samsung
d005e4	Huawei
d007ca	Juniper
d009c8	Cisco
d00df7	Huawei
d011e5	Apple
d012cb	AVM (FRITZ!Box)
d013fd	LG
d0154a	ZTE
d0167c	Cisco
d016b4	Huawei
d0176a	Samsung
d017c2	ASUS
d01b49	Samsung
d01bf4	Sagemcom
d020dd	OPPO
d021f9	Ubiquiti
d022be	Samsung
d023db	Apple
d02544	Samsung
d02598	Apple
d02b20	Apple
d02c39	Cisco
d02db3	Huawei
d03169	Samsung
d032c3	D-Link
d03311	Apple
d03745	TP-Link
d039b3	CommScope
d039fa	Samsung
d03c1f	Intel
d03e07	Apple
d03e5c	Huawei
d03faa	Apple
d0484f	Nokia
d048a1	Juniper
d0497c	OnePlus
d04d86	Apple
d04e99	Huawei
d04f58	Ruckus
d04f7e	Apple
d05162	Sony
d056fb	Samsung
d0574c	Cisco
d0577b	Intel
d0577e	Intel
d05794	Sagemcom
d058a5	Apple
d058a8	ZTE
d05919	ZTE
d059e4	Samsung
d05a00	Technicolor
d05ba8	ZTE
d0608c	ZTE
d06158	Huawei
d06544	Apple
d06578	Intel
d065ca	Huawei
d0667b	Samsung
d06827	Cisco
d069c1	Huawei
d06b78	Apple
d06dc8	Huawei
d06dc9	Sagemcom
d06ede	Sagemcom
d06f82	Huawei
d071c4	ZTE
d072dc	Cisco
d07380	Huawei
d0768f	Calix
d076e7	TP-Link
d07714	Motorola
d0789a	Technicolor
d07ab5	Huawei
d07d33	Huawei
d07e01	Huawei
d07e35	Intel
d07fa0	Samsung
d0817a	Apple
d081c5	Juniper
d084b0	Sagemcom
d08543	Cisco
d087e2	Samsung
d0880c	Apple
d08a91	Technicolor
d0929e	Microsoft
d094cf	Huawei
d096ea	vivo
d09c7a	Xiaomi
d09cae	vivo
d0a5a6	Cisco
d0a637	Apple
d0abd5	Intel
d0ae05	Xiaomi
d0b128	Samsung
d0b2c4	Technicolor
d0b324	Apple
d0b45d	Huawei
d0bb61	ZTE
d0c050	Apple
d0c1b1	Samsung
d0c1bf	Xiaomi
d0c24e	Samsung
d0c282	Cisco
d0c5f3	Apple
d0c637	Intel
d0c65b	Huawei
d0c67f	Huawei
d0c730	ZTE
d0c789	Cisco
d0c7c0	TP-Link
d0cbdd	Cisco
d0cdbf	LG
d0cec0	Xiaomi
d0cf0e	Sagemcom
d0cf13	Espressif
d0d003	Samsung
d0d04b	Huawei
d0d0fd	Cisco
d0d23c	Apple
d0d2b0	Apple
d0d49f	Apple
d0d783	Huawei
d0d7be	Huawei
d0dad7	Apple
d0db32	Nokia
d0dc2c	Cisco
d0dd49	Juniper
d0dd7c	ZTE
d0dfc7	Samsung
d0e042	Cisco
d0e140	Apple
d0e54d	CommScope
d0e581	Apple
d0ea11	MikroTik
d0ec35	Cisco
d0ee47	Hitron
d0ef76	Espressif
d0efc1	Huawei
d0f0db	Ericsson
d0f3f5	Huawei
d0f4f7	Huawei
d0f815	Huawei
d0f928	ZTE
d0f99b	ZTE
d0fccc	Samsung
d0ff98	Huawei
d4016d	TP-Link
d401c3	MikroTik
d404cd	CommScope
d404ff	Juniper
d40592	Espressif
d40598	CommScope
d405de	Cisco
d40aa9	CommScope
d40f9e	Apple
d411a3	Samsung
d41761	Xiaomi
d41a3f	OPPO
d41ad1	Zyxel
d424dd	AVM (FRITZ!Box)
d4258b	Intel
d427ff	Sagemcom
d42b6f	Cisco
d42c0f	CommScope
d42c44	Cisco
d42dcc	Apple
d42fca	Apple
d4351d	Technicolor
d43538	Xiaomi
d437d7	ZTE
d4389c	Sony
d43a2c	Google
d43b04	Intel
d43df3	Zyxel
d43f32	Cisco
d43fcb	CommScope
d440f0	Huawei
d4438a	Xiaomi
d44649	Huawei
d446e1	Apple
d44d77	Nokia
d44f67	Huawei
d45039	Sagemcom
d4503f	OPPO
d4532a	Xiaomi
d4548b	Intel
d45763	Apple
d45a3f	Juniper
d45b51	Motorola
d45d42	Nokia
d45d64	ASUS
d45e89	Motorola
d45eec	Xiaomi
d45f2c	ZTE
d45f7a	Huawei
d4612e	Huawei
d46195	ZTE
d4619d	Apple
d461da	Apple
d462ea	Huawei
d463c0	Apple
d463c6	Motorola
d463de	vivo
d46624	Cisco
d467d3	OPPO
d4684d	Ruckus
d468aa	Apple
d46a35	Cisco
d46aa8	Huawei
d46ba6	Huawei
d46c6d	CommScope
d46d50	Cisco
d46d6d	Intel
d46e0e	TP-Link
d46e5c	Huawei
d47226	ZTE
d47327	Huawei
d47415	Huawei
d476a0	Fortinet
d476ea	ZTE
d47798	Cisco
d4789b	Cisco
d47954	Huawei
d47ae2	Samsung
d47f35	Cisco
d487d8	Samsung
d48866	Huawei
d48890	Samsung
d489c1	Ubiquiti
d48a39	Samsung
d48afc	Espressif
d48c49	Espressif
d48cb5	Cisco
d48f33	Microsoft
d48fa2	Huawei
d4909c	Apple
d4910f	Amazon
d4925e	Technicolor
d49398	Nokia
d49400	Huawei
d494a9	Intel
d494e8	Huawei
d4955d	ZTE
d4970b	Xiaomi
d498b9	vivo
d4996c	Juniper
d49a20	Apple
d49dc0	Samsung
d49e05	ZTE
d49fdd	Huawei
d4a02a	Cisco
d4a148	Huawei
d4a254	Huawei
d4a33d	Apple
d4a365	Xiaomi
d4a923	Huawei
d4ab61	Intel
d4ab82	CommScope
d4ad71	Cisco
d4adbd	Cisco
d4ae05	Samsung
d4b110	Huawei
d4b27a	CommScope
d4b4c0	Fortinet
d4b5cd	Sagemcom
d4b709	ZTE
d4b92f	Technicolor
d4bafa	OPPO
d4bbc8	vivo
d4bbe6	Huawei
d4bd4f	Ruckus
d4c19e	Ruckus
d4c1c8	ZTE
d4c1fc	Nokia
d4c93c	Cisco
d4c94b	Motorola
d4ca6d	MikroTik
d4cbaf	Nokia
d4cbcc	vivo
d4ce40	Apple
d4d252	Intel
d4d4da	Espressif
d4d51b	Huawei
d4d6df	TP-Link
d4d748	Cisco
d4d853	Intel
d4d892	Huawei
d4da21	Xiaomi
d4dccd	Apple
d4e2cb	Technicolor
d4e33f	Nokia
d4e3c5	ZTE
d4e6b7	Samsung
d4e880	Cisco
d4e8b2	Samsung
d4e98a	Intel
d4e9f4	Espressif
d4eb68	Cisco
d4ecab	vivo
d4f0ea	Xiaomi
d4f242	Huawei
d4f32d	Intel
d4f46f	Apple
d4f547	Google
d4f756	ZTE
d4f7d5	Sony
d4f829	Sagemcom
d4f98d	Espressif
d4f9a1	Huawei
d4fb8e	Apple
d4ff1a	Apple
d8004d	Apple
d801d0	Huawei
d802c0	Extreme
d807b6	TP-Link
d80831	Samsung
d8097f	ZTE
d80a60	Huawei
d80ae6	ZTE
d80b9a	Samsung
d80d17	TP-Link
d80e29	vivo
d8109f	Huawei
d8132a	Espressif
d8150d	TP-Link
d818d3	Juniper
d81bb5	Huawei
d81c79	Apple
d81d72	Apple
d81edd	OPPO
d820a2	Huawei
d824bd	Cisco
d82522	CommScope
d82918	Huawei
d829f8	Huawei
d82a7e	Nokia
d83062	Apple
d8312c	ZTE
d83139	ZTE
d831cf	Samsung
d83214	Tenda
d832e3	Xiaomi
d833b7	Sagemcom
d838fc	Ruckus
d83bbf	Intel
d83bda	Espressif
d84008	Huawei
d84489	TP-Link
d846ce	Apple
d84732	TP-Link
d847bb	Huawei
d8490b	Huawei
d84a2b	ZTE
d84a83	vivo
d84c90	Apple
d84fb8	LG
d850e6	ASUS
d8539a	Juniper
d853ad	Cisco Meraki
d854a2	Extreme
d854f2	Huawei
d85575	Samsung
d855a3	ZTE
d857ef	Samsung
d85982	Huawei
d85b2a	Samsung
d85d4c	TP-Link
d860c5	OPPO
d862ca	Cisco
d86375	Xiaomi
d867d3	Huawei
d867d9	Cisco
d86852	Huawei
d868a0	Samsung
d868c3	Samsung
d86bfc	ZTE
d86c63	Google
d86ce9	Sagemcom
d86d17	Huawei
d87154	Samsung
d87475	Apple
d87495	ZTE
d874df	Huawei
d87533	Nokia
d876ae	Huawei
d87d7f	Sagemcom
d880dc	Huawei
d88466	Extreme
d8855e	ZTE
d885ac	Espressif
d88863	Huawei
d88adc	Huawei
d88c73	ZTE
d88c79	Google
d88ed4	Cisco
d88f76	Apple
d890e8	Samsung
d8912a	Zyxel
d893d4	Xiaomi
d89695	Apple
d89a0d	ZTE
d89ac1	Nokia
d89b3b	Huawei
d89e3f	Apple
d89e61	Huawei
d8a01d	Espressif
d8a0e8	ZTE
d8a25e	Apple
d8a315	vivo
d8a35c	Samsung
d8a491	Huawei
d8a756	Sagemcom
d8a8c8	ZTE
d8b053	Xiaomi
d8b122	Juniper
d8b190	Cisco
d8b249	Huawei
d8b2aa	ZTE
d8b370	Ubiquiti
d8bb2c	Apple
d8bc38	Espressif
d8be1f	Apple
d8be65	Amazon
d8bf42	Intel
d8bfc0	Espressif
d8c4e9	Samsung
d8c771	Huawei
d8cc98	Huawei
d8ce3a	Xiaomi
d8cf61	Sagemcom
d8cf9c	Apple
d8cfbf	Motorola
d8d1cb	Apple
d8d43c	Sony
d8d775	Sagemcom
d8d8e5	Technicolor
d8daf1	Huawei
d8dc40	Apple
d8de3a	Apple
d8e016	Extreme
d8e0e1	Samsung
d8e2df	Microsoft
d8e374	Xiaomi
d8e593	Apple
d8e844	ZTE
d8eb46	Google
d8ec5e	Belkin
d8ece5	Zyxel
d8ef42	Huawei
d8efcd	Nokia
d8f12e	TP-Link
d8f15b	Espressif
d8f2ca	Intel
d8f883	Intel
d8fbd6	Amazon
d8fc93	Intel
d8fee3	D-Link
dc0077	TP-Link
dc028e	ZTE
dc0539	Cisco
dc0675	Espressif
dc080f	Apple
dc094c	Huawei
dc0b09	Cisco
dc0b34	LG
dc0c5c	Apple
dc1057	Apple
dc121d	Huawei
dc15c8	AVM (FRITZ!Box)
dc16b2	Huawei
dc1ac5	vivo
dc1ba1	Intel
dc1ed5	Espressif
dc2148	Intel
dc215c	Intel
dc21e2	Huawei
dc233b	Extreme
dc2727	Huawei
dc2b2a	Apple
dc2b61	Apple
dc2c6e	MikroTik
dc2d04	vivo
dc2d3c	Huawei
dc31d1	vivo
dc333d	Huawei
dc360c	Hitron
dc3642	ZTE
dc3714	Apple
dc38e1	Juniper
dc396f	AVM (FRITZ!Box)
dc3979	Cisco
dc3ef8	Nokia
dc415f	Apple
dc41a9	Intel
dc42c8	Huawei
dc44b6	Samsung
dc4517	CommScope
dc4546	Intel
dc45b8	Apple
dc4628	Intel
dc4f22	Espressif
dc5193	ZTE
dc5285	Apple
dc5360	Intel
dc5392	Apple
dc5475	Espressif
dc54d7	Amazon
dc5583	OPPO
dc56e7	Apple
dc6180	Huawei
dc621f	Huawei
dc6279	TP-Link
dc6672	Samsung
dc6880	ZTE
dc69b5	Cisco
dc69e2	Samsung
dc6ae7	Xiaomi
dc6b1b	Huawei
dc6dbc	Apple
dc6dcd	OPPO
dc7137	ZTE
dc7144	Samsung
dc7196	Intel
dc71d0	Apple
dc729b	Huawei
dc7306	Technicolor
dc7385	Huawei
dc74a8	Samsung
dc774c	Cisco
dc7794	Huawei
dc7b94	Cisco
dc7e1d	Huawei
dc7ef5	Huawei
dc7fa4	Pace
dc8084	Apple
dc868d	Huawei
dc86d8	Apple
dc87f8	Samsung
dc8983	Samsung
dc8b28	Intel
dc8c1b	vivo
dc8c37	Cisco
dc8d8a	Nokia
dc8e6d	Huawei
dc9009	Intel
dc9088	Huawei
dc9166	Huawei
dc91bf	Amazon
dc9272	Sagemcom
dc9396	Apple
dc9566	Apple
dc97ba	Intel
dc97e6	Sagemcom
dc9840	Microsoft
dc9914	Huawei
dc9b9c	Apple
dc9c99	Huawei
dc9ded	Samsung
dc9e8f	Apple
dc9fa4	Nokia
dc9fdb	Ubiquiti
dca0d0	Amazon
dca120	Nokia
dca4ca	Apple
dca5f4	Cisco
dca633	CommScope
dca782	Huawei
dca904	Apple
dca956	OPPO
dca971	Intel
dcaeeb	Ruckus
dcb082	Nokia
dcb43f	Cisco
dcb4c4	Microsoft
dcb4ca	OPPO
dcb4d9	Espressif
dcb54f	Apple
dcb72e	Xiaomi
dcb808	Extreme
dcbb3d	Extreme
dcbfe9	Motorola
dcc49c	Samsung
dcc64b	Huawei
dcc793	Nokia
dccce6	Samsung
dccec1	Cisco
dccf96	Samsung
dcd2fc	Huawei
dcd2fd	Huawei
dcd3a2	Apple
dcd444	Huawei
dcd7a0	Huawei
dcd83b	Cisco
dcd916	Huawei
dcd9ae	Nokia
dcda0c	Espressif
dcdb27	Huawei
dcdcc3	Extreme
dcdce2	Samsung
dcdfd6	ZTE
dce55b	Google
dce5d8	ZTE
dce650	Extreme
dceae7	D-Link
dceb69	Technicolor
dceb94	Cisco
dced83	Xiaomi
dcee06	Huawei
dcef09	Netgear
dcef80	Huawei
dcf110	Nokia
dcf4ca	Apple
dcf719	Cisco
dcf756	Samsung
dcf8b9	ZTE
dcfb48	Intel
dcfe18	TP-Link
e00084	Huawei
e0036b	Samsung
e005c5	TP-Link
e00630	Huawei
e00855	AVM (FRITZ!Box)
e00ce5	Huawei
e00dee	Huawei
e00eda	Cisco
e0107f	Ruckus
e013b5	vivo
e0191d	Huawei
e01954	ZTE
e01adf	Google
e01c41	Extreme
e01cfc	D-Link
e01f2b	Nokia
e01f6a	Huawei
e01f88	Xiaomi
e01fed	Nokia
e02202	CommScope
e023ff	Fortinet
e0247f	Huawei
e02481	Huawei
e02611	Apple
e0280a	TP-Link
e02861	Huawei
e0286d	AVM (FRITZ!Box)
e02a66	Cisco
e02b96	Apple
e02be9	Intel
e02e0b	Intel
e02e3f	Huawei
e02f6d	Cisco
e030f9	Juniper
e0338e	Apple
e03676	Huawei
e03717	Technicolor
e0383f	ZTE
e03aaa	Intel
e03f49	ASUS
e04007	Huawei
e04027	Huawei
e04102	ZTE
e0426d	OPPO
e0469a	Netgear
e046ee	Netgear
e04735	Ericsson
e04934	Calix
e04ba6	Huawei
e04c05	Cisco
e04e5d	Huawei
e04f95	Sagemcom
e0553d	Cisco Meraki
e05a1b	Espressif
e05f45	Apple
e05fb9	Cisco
e06267	Xiaomi
e063da	Ubiquiti
e063e5	Sony
e06678	Apple
e069ba	Cisco
e06cc5	Huawei
e06d17	Apple
e07256	Intel
e072a1	Espressif
e0757d	Motorola
e07726	Huawei
e07c13	ZTE
e07c62	Cisco
e0806b	Xiaomi
e0885d	Technicolor
e0897e	Apple
e0899d	Cisco
e08c3c	Cisco
e08cfe	Espressif
e08f4c	Intel
e091f5	Netgear
e0925c	Apple
e09467	Intel
e09796	Huawei
e09806	Espressif
e09861	Motorola
e09971	Samsung
e09d13	Samsung
e09d1e	ZTE
e09d31	Intel
e0a129	Extreme
e0a1ce	ZTE
e0a366	Motorola
e0a3ac	Huawei
e0a447	ZTE
e0a670	Nokia
e0aa96	Samsung
e0accb	Apple
e0acf1	Cisco
e0ad9b	Huawei
e0aea2	Huawei
e0b52d	Apple
e0b55f	Apple
e0b655	Xiaomi
e0b668	ZTE
e0b70a	CommScope
e0b7b1	CommScope
e0b9ba	Apple
e0b9e5	Technicolor
e0ba78	Apple
e0bda0	Apple
e0bfb2	Apple
e0c250	Netgear
e0c264	Intel
e0c29e	ZTE
e0c377	Samsung
e0c3ea	Apple
e0c3f3	ZTE
e0c767	Apple
e0c932	Intel
e0c97a	Apple
e0cb19	Nokia
e0cb1d	Amazon
e0cb4e	ASUS
e0cbbc	Cisco Meraki
e0cbee	Samsung
e0cc7a	Huawei
e0ccf8	Xiaomi
e0cdb8	Huawei
e0d045	Intel
e0d083	Samsung
e0d173	Cisco
e0d1e6	Cisco
e0d362	TP-Link
e0d3b4	Cisco Meraki
e0d462	Huawei
e0d464	Intel
e0d491	Cisco
e0d4e8	Intel
e0d55d	Intel
e0da90	Huawei
e0dad7	ZTE
e0db10	Samsung
e0dbd1	Technicolor
e0dcff	Xiaomi
e0ddc0	vivo
e0e0fc	Huawei
e0e258	Intel
e0e2e6	Espressif
e0e37c	Huawei
e0eb40	Apple
e0f330	Huawei
e0f442	Huawei
e0f5c6	Apple
e0f62d	Juniper
e0f728	Amazon
e0f847	Apple
e4029b	Intel
e406e0	Huawei
e4072b	Huawei
e40a16	Huawei
e40cfd	OPPO
e40d36	Intel
e40d3b	Ericsson
e40eee	Huawei
e41088	Samsung
e4121d	Samsung
e41613	Extreme
e4186b	Zyxel
e4197f	Cisco
e419c1	Huawei
e41b43	Xiaomi
e41f7b	Cisco
e41fd5	Intel
e4233c	Juniper
e425e7	Apple
e4268b	Huawei
e426d5	Motorola
e42aac	Microsoft
e42b34	Apple
e42b79	Nokia
e42f37	Apple
e432cb	Samsung
e433ae	OPPO
e43493	Huawei
e435c8	Huawei
e4379f	Cisco
e4387e	Cisco
e43883	Ubiquiti
e43ec6	Huawei
e44097	OPPO
e440e2	Samsung
e44122	OnePlus
e44164	Nokia
e441d4	vivo
e442a6	Intel
e44389	Apple
e444e5	Extreme
e44519	Xiaomi
e446da	Xiaomi
e44790	OPPO
e447b3	ZTE
e448c7	Cisco
e44ae0	Intel
e44e12	ZTE
e44e2d	Cisco
e450eb	Apple
e45341	Apple
e454e5	Huawei
e455a8	Cisco Meraki
e45740	CommScope
e45768	vivo
e458b8	Samsung
e458e7	Samsung
e45aa2	vivo
e45bb3	ZTE
e45d37	Juniper
e45d75	Samsung
e45e1b	Google
e45e37	Intel
e45ecc	Juniper
e46017	Intel
e4604d	ZTE
e462c4	Cisco
e46449	CommScope
e465b8	Espressif
e466ab	ZTE
e468a3	Huawei
e46cd1	Calix
e46f13	D-Link
e470b8	Intel
e4729d	Nokia
e472e2	Huawei
e47319	Huawei
e47684	Apple
e47723	ZTE
e47727	Huawei
e4793f	Juniper
e47cf9	Samsung
e47dbd	Samsung
e47e66	Huawei
e47e9a	ZTE
e47f3c	ZTE
e48184	Nokia
e48210	Huawei
e48326	Huawei
e48399	CommScope
e484d3	Xiaomi
e489ca	Cisco
e48b7f	Apple
e48d8c	MikroTik
e48ec5	Huawei
e48f1d	Huawei
e4902a	Huawei
e4907e	Motorola
e490fd	Apple
e49282	Samsung
e492e7	D-Link
e492fb	Samsung
e4936a	OPPO
e49652	vivo
e498d1	Microsoft
e498d6	Apple
e4995f	Huawei
e49a79	Apple
e49adc	Apple
e49c67	Apple
e49f1e	CommScope
e49f7d	Samsung
e4a41c	Cisco
e4a430	Samsung
e4a471	Intel
e4a7a0	Intel
e4a7c5	Huawei
e4a7d0	Huawei
e4a8b6	Huawei
e4aa5d	Cisco
e4aae4	Xiaomi
e4b021	Samsung
e4b063	Espressif
e4b107	Huawei
e4b16c	Apple
e4b224	Huawei
e4b2fb	Apple
e4b318	Intel
e4b323	Espressif
e4b555	Huawei
e4bcaa	Xiaomi
e4bd4b	ZTE
e4befb	Huawei
e4bffa	Technicolor
e4c0e2	Sagemcom
e4c2d1	Huawei
e4c32a	TP-Link
e4c483	OPPO
e4c62b	Cisco
e4c63d	Apple
e4c722	Cisco
e4c767	Intel
e4ca12	ZTE
e4cda7	ZTE
e4ce8f	Apple
e4d332	TP-Link
e4d373	Huawei
e4d3f1	Cisco
e4d436	Nokia
e4db6d	Xiaomi
e4dbae	Extreme
e4dc43	Huawei
e4dccc	Huawei
e4e0a6	Apple
e4e0c5	Samsung
e4e26c	OPPO
e4e4ab	Apple
e4ec10	Nokia
e4ece8	Samsung
e4f042	Google
e4f1d4	vivo
e4f27c	Juniper
e4f3c4	Samsung
e4f4c6	Netgear
e4f75b	CommScope
e4f89c	Intel
e4f8ef	Samsung
e4fac4	TP-Link
e4fade	Microsoft
e4faed	Samsung
e4fafd	Intel
e4fb1e	Microsoft
e4fb5d	Huawei
e4fc82	Juniper
e4fd45	Intel
e4fd8c	Extreme
e4fda1	Huawei
e4fe43	Xiaomi
e8039a	Samsung
e8040b	Apple
e80462	Cisco
e80688	Apple
e80690	Espressif
e8088b	Huawei
e808af	ZTE
e80ab9	Cisco
e81132	Samsung
e8136e	Huawei
e8150e	Nokia
e81656	D-Link
e81cba	Fortinet
e81cd8	Apple
e81da8	Ruckus
e81e92	Huawei
e824a6	Juniper
e8288d	Huawei
e82aea	Intel
e82bc5	Huawei
e831cd	Espressif
e83381	CommScope
e83617	Apple
e8377a	Zyxel
e83a12	Samsung
e83dc1	Espressif
e83efc	CommScope
e83f67	Huawei
e84040	Cisco
e84368	ZTE
e848b8	TP-Link
e84a54	Xiaomi
e84a78	Apple
e84c4a	Amazon
e84d74	Huawei
e84dd0	Huawei
e84e84	Samsung
e84fa7	Huawei
e8508b	Samsung
e85497	Samsung
e85a8b	Xiaomi
e85b5b	LG
e85c0a	Cisco
e85f02	Apple
e85fb4	Xiaomi
e862be	Intel
e86549	Cisco
e865d4	Tenda
e86819	Huawei
e868b1	OPPO
e868e7	Espressif
e86bea	Espressif
e86d52	CommScope
e86dcb	Samsung
e86de9	Huawei
e86e3a	Sony
e86e44	ZTE
e86ff2	Actiontec
e87072	D-Link
e8718d	Amazon
e87865	Apple
e879a3	Cisco
e87e1c	Huawei
e87eef	Xiaomi
e87f6b	Samsung
e87f95	Apple
e8802e	Apple
e880e7	Huawei
e88152	Apple
e88175	ZTE
e8825b	CommScope
e884a5	Intel
e884c6	Huawei
e8854b	Apple
e886cf	Nokia
e88843	Xiaomi
e8892c	CommScope
e88d28	Apple
e89120	Motorola
e892a4	LG
e89309	Samsung
e89363	Nokia
e894f6	TP-Link
e89847	Xiaomi
e898ee	Apple
e89c25	ASUS
e89f39	Nokia
e89f6d	Espressif
e89f80	Belkin
e8a1f8	ZTE
e8a245	Juniper
e8a34e	Huawei
e8a55a	Juniper
e8a660	Huawei
e8a6ca	Huawei
e8a72f	Microsoft
e8a730	Apple
e8aacb	Samsung
e8abf3	Huawei
e8ac23	Huawei
e8acad	ZTE
e8ada6	Sagemcom
e8b0c5	Intel
e8b1fc	Intel
e8b2ac	Apple
e8b4c8	Samsung
e8b541	ZTE
e8b6c2	Juniper
e8b748	Cisco
e8ba17	Xiaomi
e8ba70	Cisco
e8bba8	OPPO
e8bce4	Cisco
e8bdd1	Huawei
e8be81	Sagemcom
e8bfb8	Intel
e8bfe1	Intel
e8c386	Apple
e8c3c5	Huawei
e8c829	Intel
e8c913	Samsung
e8cba1	Nokia
e8cc18	D-Link
e8cd15	Technicolor
e8cd2d	Huawei
e8d2ff	Sagemcom
e8d322	Cisco
e8d3eb	Cisco
e8d52b	Google
e8d765	Huawei
e8d775	Huawei
e8d87e	Amazon
e8da3e	Huawei
e8db84	Espressif
e8dc6c	Cisco
e8de27	TP-Link
e8df70	AVM (FRITZ!Box)
e8e5d6	Samsung
e8e7c3	ZTE
e8ea34	Huawei
e8ea4d	Huawei
e8eb34	Cisco
e8ed05	CommScope
e8edd6	Fortinet
e8edf3	Cisco
e8f085	Huawei
e8f1b0	Sagemcom
e8f375	Nokia
e8f408	Intel
e8f60a	Espressif
e8f654	Huawei
e8f673	Microsoft
e8f72f	Huawei
e8f791	Xiaomi
e8f8d0	Nokia
e8f9d4	Huawei
e8fa23	Huawei
e8fbe9	Apple
e8fc5f	Ruckus
e8fcaf	Netgear
e8fd35	Huawei
e8ff98	Huawei
e8fff4	Apple
ec01d5	Cisco
ec01ee	OPPO
ec086b	TP-Link
ec08e5	Motorola
ec0bae	D-Link
ec0c96	Nokia
ec0d51	Apple
ec0de4	Amazon
ec1055	Xiaomi
ec107b	Samsung
ec13db	Juniper
ec172f	TP-Link
ec192e	Cisco
ec1a02	Huawei
ec1a59	Belkin
ec1d53	Huawei
ec1d7f	ZTE
ec1d8b	Cisco
ec1f72	Samsung
ec2150	vivo
ec2280	D-Link
ec233d	Huawei
ec237b	ZTE
ec2651	Apple
ec26ca	TP-Link
ec28d3	Apple
ec2beb	Amazon
ec2c0d	Apple
ec2c73	Apple
ec2ce2	Apple
ec2f90	OPPO
ec3091	Cisco
ec30b3	Xiaomi
ec30dd	Cisco
ec315f	Amazon
ec3532	Cisco
ec3586	Apple
ec3873	Juniper
ec388f	Huawei
ec3a52	Huawei
ec3cbb	Huawei
ec3eb3	Zyxel
ec3ef7	Juniper
ec4118	Xiaomi
ec42cc	Apple
ec43f6	Zyxel
ec4476	Cisco
ec4654	Apple
ec4684	Microsoft
ec4c8c	Intel
ec4d3e	Xiaomi
ec4d47	Huawei
ec4f82	Calix
ec50a6	Sagemcom
ec51bc	OPPO
ec536f	Huawei
ec551c	Huawei
ec5623	Huawei
ec58ea	Ruckus
ec59e7	Microsoft
ec5aa3	Huawei
ec6073	TP-Link
ec6260	Espressif
ec63d7	Intel
ec64c9	Espressif
ec6cb5	ZTE
ec7097	CommScope
ec725b	ZTE
ec7379	Apple
ec7427	Cisco
ec748c	Sony
ec750c	TP-Link
ec753e	Huawei
ec79c0	ZTE
ec7c2c	Huawei
ec7c5c	Juniper
ec7cb6	Samsung
ec7d11	vivo
ec8150	Apple
ec8152	Huawei
ec819c	Huawei
ec8263	ZTE
ec8350	Microsoft
ec852f	Apple
ec888f	TP-Link
ec8892	Motorola
ec8914	Huawei
ec8a4c	ZTE
ec8ac4	Amazon
ec8c9a	Huawei
ec8ca2	Ruckus
ec8e12	Nokia
ec8e77	Intel
ec90c1	Samsung
ec9365	Cisco
ec937d	Technicolor
ec94cb	Espressif
ec94d5	Juniper
ec97a2	Apple
ec9b5b	Nokia
ec9bf3	Samsung
eca138	Amazon
eca1cc	Cisco
eca1d1	Huawei
eca62f	Huawei
eca78d	Cisco
eca81f	Technicolor
eca907	Apple
eca940	CommScope
ecaa25	Samsung
ecaa8f	Huawei
ecadb8	Apple
ecade0	D-Link
ecb550	Samsung
ecb878	Huawei
ecb931	TP-Link
ecb9a5	Huawei
ecbb78	Cisco
ecbd1d	Cisco
ecbedd	Sagemcom
ecc018	Cisco
ecc01b	Huawei
ecc342	ZTE
ecc3b0	ZTE
ecc5d2	Huawei
ecc882	Cisco
ecc9ff	Espressif
eccb30	Huawei
ecce13	Cisco
ecced7	Apple
ecd09f	Xiaomi
ecda3b	Espressif
ecdcaa	Apple
ecdd24	Cisco
ecdf3a	vivo
ece09b	Samsung
ece1a9	Cisco
ece334	Espressif
ece61d	Huawei
ece7a7	Intel
ece9d2	Apple
ece9f5	Huawei
eced04	Intel
eced73	Motorola
ecf0fe	ZTE
ecf33c	Intel
ecf342	OPPO
ecf35b	Nokia
ecf40c	Cisco
ecf8d0	Huawei
ecfa5c	Xiaomi
ecfabc	Espressif
ecfc2f	Sagemcom
ecff3a	Apple
f003bc	Cisco
f004e1	Apple
f0051b	Samsung
f008d1	Espressif
f008f1	Samsung
f0090d	TP-Link
f00c51	ZTE
f00fec	Huawei
f0161d	Espressif
f01628	Technicolor
f01898	Apple
f01b24	ZTE
f01b6c	vivo
f01c13	LG
f01c2d	Juniper
f01d2d	Cisco
f01dbc	Microsoft
f01fc7	Apple
f020ff	Intel
f021e0	Cisco
f02475	Apple
f024f9	Espressif
f02572	Cisco
f0258e	Huawei
f025b7	Samsung
f0272d	Amazon
f027a0	Apple
f02929	Cisco
f02b7c	Extreme
f02f4b	Apple
f02f74	ASUS
f02f9e	Amazon
f02fa7	Huawei
f02fba	Apple
f033e5	Huawei
f037cf	Huawei
f03965	Samsung
f03e90	Ruckus
f03f95	Huawei
f0421c	Intel
f042f5	Huawei
f04347	Huawei
f04a02	Cisco
f04b3a	Juniper
f04b8a	Technicolor
f04dd4	Sagemcom
f04f7c	Amazon
f051ea	Cisco
f05501	Huawei
f057a6	Intel
f05a09	Samsung
f05b7b	Samsung
f05c0e	Huawei
f05c77	Google
f05cd5	Apple
f063f9	Huawei
f06426	Extreme
f065ae	Samsung
f06728	OPPO
f067b1	Samsung
f06bca	Samsung
f06c5d	Xiaomi
f06c73	Nokia
f06d78	OPPO
f06e0b	Microsoft
f06fce	Ruckus
f0704f	Samsung
f07084	Actiontec
f0728c	Samsung
f072ea	Google
f074c1	Amazon
f0766f	Apple
f077c3	Intel
f07807	Apple
f07816	Cisco
f07959	ASUS
f07960	Apple
f079e8	OPPO
f07a55	ZTE
f07b65	Sagemcom
f07cc7	Juniper
f07d68	D-Link
f07f06	Cisco
f08173	Amazon
f08175	Sagemcom
f08261	Sagemcom
f084c9	ZTE
f08756	Zyxel
f08a76	Samsung
f09838	Huawei
f0989d	Apple
f099b6	Apple
f099bf	Apple
f09bb8	Huawei
f09ce9	Extreme
f09e4a	Intel
f09e63	Cisco
f09e9e	Espressif
f09fc2	Ubiquiti
f0a0b1	Huawei
f0a225	Amazon
f0a35a	Apple
f0a4ea	Huawei
f0a731	TP-Link
f0a951	Huawei
f0ab1f	ZTE
f0af85	CommScope
f0b014	AVM (FRITZ!Box)
f0b052	Ruckus
f0b0e7	Apple
f0b107	Ericsson
f0b11d	Nokia
f0b13f	Huawei
f0b2b9	Intel
f0b2e5	Cisco
f0b3ec	Apple
f0b429	Xiaomi
f0b479	Apple
f0b4d2	D-Link
f0b61e	Intel
f0b661	Cisco
f0bdee	Huawei
f0bf97	Sony
f0c1f1	Apple
f0c371	Apple
f0c42f	Huawei
f0c478	Huawei
f0c725	Apple
f0c850	Huawei
f0c8b5	Huawei
f0cba1	Apple
f0cd31	Samsung
f0d1a9	Apple
f0d2f1	Amazon
f0d31f	Apple
f0d32b	Juniper
f0d415	Intel
f0d5bf	Intel
f0d635	Apple
f0d793	Apple
f0d7aa	Motorola
f0d7ee	Huawei
f0d805	Cisco
f0dbe2	Apple
f0dbf8	Apple
f0dce2	Apple
f0e4a2	Huawei
f0e77e	Samsung
f0ed19	ZTE
f0ee10	Samsung
f0ee7a	Apple
f0ef86	Google
f0f0a4	Amazon
f0f249	Hitron
f0f336	TP-Link
f0f564	Samsung
f0f5bd	Espressif
f0f61c	Apple
f0f6c1	Sonos
f0f755	Cisco
f0f7e7	Huawei
f0f7fc	Huawei
f0fac7	Huawei
f0fcc8	CommScope
f0fee7	Huawei
f400a2	Samsung
f40228	Samsung
f40304	Google
f4032a	Amazon
f40595	Sagemcom
f40616	Apple
f40669	Intel
f409d8	Samsung
f40e01	Apple
f40e22	Samsung
f40e83	CommScope
f40f1b	Cisco
f40f24	Apple
f412da	ZTE
f412fa	Espressif
f41a9c	Xiaomi
f41af7	ZTE
f41ba1	Apple
f41d6b	Huawei
f41e57	MikroTik
f41f88	ZTE
f41fc2	Cisco
f421ca	Apple
f4248b	Huawei
f4253c	Cisco
f42679	Intel
f42981	vivo
f42a7d	TP-Link
f42b8c	Samsung
f42d06	ZTE
f42dc9	Espressif
f42e48	ZTE
f4308b	Xiaomi
f431c3	Apple
f43392	Cisco
f433b7	Apple
f434f0	Apple
f437b7	Apple
f438c1	Huawei
f439a6	Apple
f43a7b	ZTE
f43bd8	Intel
f43c96	Ericsson
f4419e	Huawei
f4428f	Samsung
f44588	Huawei
f44637	Intel
f44b2a	Cisco
f44c7f	Huawei
f44d5c	Zyxel
f44e05	Cisco
f44ee3	Intel
f45293	Apple
f45420	Amazon
f45424	Extreme
f4559c	Huawei
f45b29	Huawei
f45bb4	Cisco
f45c42	Huawei
f45c89	Apple
f45fd4	Cisco
f460e2	Xiaomi
f462dc	Huawei
f4631f	Huawei
f463fc	vivo
f46412	Sony
f4650b	Espressif
f465a6	Apple
f46802	Huawei
f46ad7	Microsoft
f46bef	Sagemcom
f46d04	ASUS
f46d2f	TP-Link
f46d3f	Intel
f46de2	ZTE
f46e95	Extreme
f470ab	vivo
f47190	Samsung
f47470	Cisco
f478ac	Apple
f47946	Huawei
f47960	Huawei
f47b09	Intel
f47b5e	Samsung
f47def	Samsung
f47f35	Cisco
f481c4	Apple
f483cd	TP-Link
f4848d	TP-Link
f487c5	Huawei
f48918	Huawei
f48b32	Xiaomi
f48c50	Intel
f48ceb	D-Link
f48e09	Nokia
f48e92	Huawei
f492bf	Ubiquiti
f49634	Intel
f49f54	Samsung
f49ff3	Huawei
f4a157	Huawei
f4a1a6	Apple
f4a310	Apple
f4a475	Intel
f4a4d6	Huawei
f4a52a	Cisco
f4a59d	Huawei
f4a739	Juniper
f4acc1	Cisco
f4afe7	Apple
f4b301	Intel
f4b52f	Juniper
f4b599	Apple
f4b5aa	ZTE
f4b78d	Huawei
f4b7b3	vivo
f4b821	Cisco
f4b8a7	ZTE
f4bbc7	vivo
f4bd9e	Cisco
f4beec	Apple
f4bf80	Huawei
f4bfa8	Juniper
f4c114	Technicolor
f4c248	Samsung
f4c714	Huawei
f4c88a	Intel
f4cb52	Huawei
f4cbe7	Apple
f4cc55	Juniper
f4ce23	Intel
f4ce48	Extreme
f4cfa2	Espressif
f4cfe2	Cisco
f4d108	Intel
f4d488	Apple
f4d620	OPPO
f4d9fb	Samsung
f4dbe3	Apple
f4dbe6	Cisco
f4dcf9	Huawei
f4dd06	Samsung
f4deaf	Huawei
f4e2c6	Ubiquiti
f4e3fb	Huawei
f4e451	Huawei
f4e4ad	ZTE
f4e5f2	Huawei
f4e84f	ZTE
f4e8c7	Apple
f4ea67	Cisco
f4eab5	Extreme
f4eb38	Sagemcom
f4ec38	TP-Link
f4ee31	Cisco
f4f15a	Apple
f4f1e1	Motorola
f4f26d	TP-Link
f4f28a	Huawei
f4f309	Samsung
f4f50b	TP-Link
f4f524	Motorola
f4f5a5	Nokia
f4f5d8	Google
f4f5db	Xiaomi
f4f5e8	Google
f4f647	ZTE
f4f951	Apple
f4fbb8	Huawei
f4fc49	ZTE
f4fe3e	Apple
f4fefb	Samsung
f800a1	Huawei
f80113	Huawei
f801b4	LG
f80377	Apple
f8042e	Samsung
f8075d	Huawei
f8084f	Sagemcom
f80bbe	CommScope
f80bcb	Cisco
f80c9a	OPPO
f80cf3	LG
f80da9	Zyxel
f80df0	ZTE
f80f6f	Cisco
f80ff9	Google
f81093	Apple
f81308	Nokia
f814dd	Cisco
f81654	Intel
f81897	Pace
f81a2b	Google
f81a67	TP-Link
f81d0f	Hitron
f81e49	Apple
f81edf	Apple
f81f32	Motorola
f820a9	Huawei
f820d2	Technicolor
f82229	Nokia
f823b2	Huawei
f82793	Apple
f828c9	Huawei
f82ae2	Apple
f82b7f	Huawei
f82c18	Pace
f82d7c	Apple
f82dc0	CommScope
f82e3f	Huawei
f82f65	Huawei
f832e4	ASUS
f83441	Intel
f8345a	Hitron
f83869	LG
f83880	Apple
f83918	Cisco
f83b1d	Technicolor
f83b7e	Huawei
f83dff	Huawei
f83e95	Huawei
f83f51	Samsung
f84288	Apple
f843ef	Xiaomi
f8461c	Sony
f84abf	Huawei
f84cda	Huawei
f84d89	Apple
f84e17	Sony
f84e58	Samsung
f84e73	Apple
f84f57	Cisco
f85329	Huawei
f854b8	Amazon
f856c3	ZTE
f85971	Intel
f85b1b	Espressif
f85b6e	Samsung
f85c24	Sonos
f85c4d	Nokia
f85e42	Technicolor
f85ea0	Intel
f85f2a	Nokia
f86214	Apple
f8633f	Intel
f863d9	CommScope
f86465	Cisco
f864b8	ZTE
f8665a	Apple
f866f2	Cisco
f868ff	Cisco
f86bd9	Cisco
f86eee	Huawei
f86fb0	TP-Link
f86fc1	Apple
f8710c	Xiaomi
f871a6	Apple
f872ea	Cisco
f8731a	ZTE
f87394	Netgear
f873df	Apple
f87588	Huawei
f877b8	Samsung
f87907	Huawei
f8790a	CommScope
f87928	ZTE
f87a41	Cisco
f87b20	Cisco
f87b7a	CommScope
f87b8c	Amped Wireless
f87d3f	Huawei
f87d76	Apple
f88306	Xiaomi
f884f2	Samsung
f885f9	Calix
f887f1	Apple
f88b37	CommScope
f88c21	TP-Link
f88f07	Samsung
f88fca	Google
f894c2	Intel
f89522	Huawei
f895c7	LG
f895ea	Apple
f89753	Huawei
f897a9	Ericsson
f898b9	Huawei
f898ef	Huawei
f89a25	Huawei
f89a78	Huawei
f89b6e	Nokia
f89e28	Cisco Meraki
f89e94	Intel
f8a097	CommScope
f8a34f	ZTE
f8a45f	Xiaomi
f8a5c5	Cisco
f8a73a	Cisco
f8a9d0	LG
f8ab05	Sagemcom
f8ab82	Xiaomi
f8ac65	Intel
f8af05	Huawei
f8b132	Huawei
f8b1dd	Apple
f8b3b7	Espressif
f8b54d	Intel
f8b7e2	Cisco
f8bae6	Nokia
f8bbbf	Cisco
f8bc0e	Cisco
f8bf09	Huawei
f8c001	Juniper
f8c116	Juniper
f8c288	Cisco
f8c39e	Huawei
f8c3cc	Apple
f8c4ae	OPPO
f8c4fa	OPPO
f8c650	Cisco
f8c903	TP-Link
f8cb15	Apple
f8ce21	TP-Link
f8cf52	Intel
f8cfc5	Motorola
f8d00e	Technicolor
f8d0ac	Sony
f8d0bd	Samsung
f8d111	TP-Link
f8d2ac	Technicolor
f8d3f0	Apple
f8de73	Huawei
f8dfa8	ZTE
f8e079	Motorola
f8e252	Apple
f8e4e3	Intel
f8e4fb	Actiontec
f8e57e	Cisco
f8e5ce	Apple
f8e61a	Samsung
f8e71e	Ruckus
f8e7a0	vivo
f8e811	Huawei
f8e903	D-Link
f8e94e	Apple
f8e94f	Cisco
f8eda5	CommScope
f8ef5d	Motorola
f8f1b6	Motorola
f8f1e6	Samsung
f8f21e	Intel
f8f532	CommScope
f8f58c	Apple
f8f7b9	Huawei
f8fce1	Amazon
f8fe5e	Intel
f8ffc2	Apple
fc0012	Samsung
fc012c	Espressif
fc0296	Xiaomi
fc039f	Samsung
fc041c	OPPO
fc0736	Huawei
fc0a81	Extreme
fc0fe6	Sony
fc1165	Cambium
fc1193	Huawei
fc122c	Huawei
fc1803	Huawei
fc183c	Apple
fc1910	Samsung
fc1999	Xiaomi
fc1a11	vivo
fc1a46	Samsung
fc1bd1	Huawei
fc1ca1	Nokia
fc1d2a	vivo
fc1d3a	Huawei
fc1d43	Apple
fc1f19	Samsung
fc22f4	Zyxel
fc253f	Apple
fc2a9c	Apple
fc2bb2	Actiontec
fc2d5e	ZTE
fc2faa	Nokia
fc315d	Apple
fc3342	Juniper
fc3497	ASUS
fc3d73	Cisco
fc3f7c	Huawei
fc3fa6	Cisco
fc4009	ZTE
fc4116	Google
fc4203	Samsung
fc4345	Xiaomi
fc4482	Intel
fc449f	ZTE
fc47d8	Apple
fc48ef	Huawei
fc492d	Amazon
fc4cef	Huawei
fc4da6	Huawei
fc4e6d	Huawei
fc4ea4	Apple
fc50d6	Huawei
fc51a4	CommScope
fc51b5	Huawei
fc528d	Technicolor
fc5557	Apple
fc589a	Cisco
fc5a1d	Hitron
fc5b39	Cisco
fc5b8c	Xiaomi
fc5c45	Ruckus
fc643a	Samsung
fc64ba	Xiaomi
fc65b3	Huawei
fc65de	Amazon
fc6637	Sagemcom
fc66cf	Apple
fc6d77	Intel
fc6e83	Samsung
fc6fb7	CommScope
fc7288	Cisco
fc73fb	Huawei
fc7516	D-Link
fc7774	Intel
fc777b	Hitron
fc79dd	Huawei
fc862a	Huawei
fc8743	Huawei
fc8827	Apple
fc8a3d	ZTE
fc8af7	ZTE
fc8c11	Microsoft
fc8e7e	CommScope
fc8f90	Samsung
fc9114	Technicolor
fc915d	Google
fc923b	Nokia
fc931d	Huawei
fc936b	Samsung
fc942e	Cisco Meraki
fc9435	Huawei
fc94ce	ZTE
fc94e3	Technicolor
fc9643	Juniper
fc9947	Cisco
fc9ca7	Apple
fc9e53	Intel
fc9f2a	Zyxel
fca0f3	Huawei
fca13e	Samsung
fca183	Amazon
fca27e	Huawei
fca5c8	Apple
fca5d0	OPPO
fca621	Samsung
fca667	Amazon
fca9f5	Xiaomi
fcaa81	Apple
fcaab6	Samsung
fcab90	Huawei
fcabd0	vivo
fcabf5	ZTE
fcae34	CommScope
fcb214	Apple
fcb3aa	Intel
fcb3bc	Intel
fcb467	Espressif
fcb6d8	Apple
fcb9df	Motorola
fcbcd1	Huawei
fcbe7b	vivo
fcc233	ASUS
fcc734	Samsung
fcc897	ZTE
fcca10	Mercusys
fcd436	Motorola
fcd733	TP-Link
fcd749	Amazon
fcd848	Apple
fcd908	Xiaomi
fcdb21	Cisco
fcde90	Samsung
fce1a6	Huawei
fce26c	Apple
fce33c	Huawei
fce557	Nokia
fce8c0	Espressif
fce998	Apple
fce9d8	Amazon
fceb7b	Huawei
fcecda	Ubiquiti
fcefd7	Huawei
fcf136	Samsung
fcf152	Sony
fcf528	Zyxel
fcf5c4	Espressif
fcf738	Huawei
fcf77b	Huawei
fcf8ae	Intel
fcfa21	ZTE
fcfbfb	Cisco
fcfc48	Apple
